district,month,region,threshold,value,year
Ceel Barde,02,Bakool,Normal,2.995,2024
Ceel Barde,04,Bakool,Normal,2.259,2024
Ceel Barde,01,Bakool,Normal,2.795,2024
Ceel Barde,03,Bakool,Normal,2.675,2024
Ceel Barde,08,Bakool,Normal,2.063,2024
Ceel Barde,06,Bakool,Normal,1.593,2024
Ceel Barde,09,Bakool,Normal,1.904,2024
Ceel Barde,07,Bakool,Normal,2.063,2024
Ceel Barde,05,Bakool,Normal,1.637,2024
Ceel Barde,11,Bakool,Normal,1.583,2023
Ceel Barde,10,Bakool,Normal,1.063,2023
Ceel Barde,05,Bakool,Normal,1.136,2023
Ceel Barde,06,Bakool,Normal,1.097,2023
Ceel Barde,02,Bakool,Alarm,0.728,2023
Ceel Barde,07,Bakool,Normal,1.099,2023
Ceel Barde,08,Bakool,Alert,0.977,2023
Ceel Barde,09,Bakool,Alarm,0.671,2023
Ceel Barde,04,Bakool,Normal,1.344,2023
Ceel Barde,03,Bakool,Alert,0.853,2023
Ceel Barde,12,Bakool,Normal,2.326,2023
Ceel Barde,01,Bakool,Alarm,0.691,2023
Ceel Barde,09,Bakool,Alert,0.89,2022
Ceel Barde,05,Bakool,Alarm,0.66,2022
Ceel Barde,08,Bakool,Alert,0.96,2022
Ceel Barde,12,Bakool,Alarm,0.614,2022
Ceel Barde,06,Bakool,Alarm,0.74,2022
Ceel Barde,03,Bakool,Alarm,0.39,2022
Ceel Barde,01,Bakool,Alarm,0.32,2022
Ceel Barde,11,Bakool,Alarm,0.619,2022
Ceel Barde,10,Bakool,Alarm,0.69,2022
Ceel Barde,07,Bakool,Alert,0.94,2022
Ceel Barde,02,Bakool,Alarm,0.37,2022
Ceel Barde,04,Bakool,Alarm,0.56,2022
Ceel Barde,06,Bakool,Normal,1.76,2021
Ceel Barde,09,Bakool,Normal,1.29,2021
Ceel Barde,11,Bakool,Alarm,0.4,2021
Ceel Barde,07,Bakool,Normal,1.84,2021
Ceel Barde,03,Bakool,Normal,1.77,2021
Ceel Barde,08,Bakool,Normal,1.59,2021
Ceel Barde,02,Bakool,Normal,1.68,2021
Ceel Barde,12,Bakool,Alarm,0.33,2021
Ceel Barde,10,Bakool,Alarm,0.72,2021
Ceel Barde,05,Bakool,Normal,1.58,2021
Ceel Barde,01,Bakool,Normal,1.52,2021
Ceel Barde,04,Bakool,Normal,1.28,2021
Ceel Barde,03,Bakool,Normal,4.25,2020
Ceel Barde,02,Bakool,Normal,3.06,2020
Ceel Barde,01,Bakool,Normal,3.19,2020
Ceel Barde,06,Bakool,Normal,2.8,2020
Ceel Barde,10,Bakool,Normal,2.01,2020
Ceel Barde,11,Bakool,Normal,1.93,2020
Ceel Barde,04,Bakool,Normal,3.54,2020
Ceel Barde,07,Bakool,Normal,3.26,2020
Ceel Barde,12,Bakool,Normal,1.59,2020
Ceel Barde,08,Bakool,Normal,3.91,2020
Ceel Barde,09,Bakool,Normal,2.36,2020
Ceel Barde,05,Bakool,Normal,2.82,2020
Ceel Barde,08,Bakool,Normal,1.49,2019
Ceel Barde,04,Bakool,Alarm,0.4,2019
Ceel Barde,06,Bakool,Normal,1.31,2019
Ceel Barde,11,Bakool,Normal,2.83,2019
Ceel Barde,01,Bakool,Alarm,0.72,2019
Ceel Barde,05,Bakool,Normal,1.1,2019
Ceel Barde,12,Bakool,Normal,3.23,2019
Ceel Barde,09,Bakool,Normal,1.56,2019
Ceel Barde,03,Bakool,Alarm,0.55,2019
Ceel Barde,02,Bakool,Alarm,0.75,2019
Ceel Barde,07,Bakool,Normal,1.47,2019
Ceel Barde,10,Bakool,Normal,2.93,2019
Ceel Barde,12,Bakool,Alarm,0.66,2018
Ceel Barde,11,Bakool,Alert,0.84,2018
Rab Dhuure,02,Bakool,Normal,3.686,2024
Rab Dhuure,01,Bakool,Normal,3.34,2024
Rab Dhuure,09,Bakool,Normal,1.887,2024
Rab Dhuure,08,Bakool,Normal,1.918,2024
Rab Dhuure,07,Bakool,Normal,1.918,2024
Rab Dhuure,03,Bakool,Normal,4.053,2024
Rab Dhuure,06,Bakool,Normal,1.78,2024
Rab Dhuure,04,Bakool,Normal,3.02,2024
Rab Dhuure,05,Bakool,Normal,2.571,2024
Rab Dhuure,06,Bakool,Normal,1.167,2023
Rab Dhuure,09,Bakool,Alarm,0.594,2023
Rab Dhuure,03,Bakool,Alert,0.846,2023
Rab Dhuure,12,Bakool,Normal,2.821,2023
Rab Dhuure,02,Bakool,Alert,0.804,2023
Rab Dhuure,04,Bakool,Normal,2.38,2023
Rab Dhuure,05,Bakool,Normal,1.748,2023
Rab Dhuure,10,Bakool,Normal,1.144,2023
Rab Dhuure,11,Bakool,Normal,2.047,2023
Rab Dhuure,07,Bakool,Normal,1.125,2023
Rab Dhuure,01,Bakool,Alarm,0.693,2023
Rab Dhuure,08,Bakool,Alert,0.945,2023
Rab Dhuure,02,Bakool,Alarm,0.54,2022
Rab Dhuure,01,Bakool,Alarm,0.56,2022
Rab Dhuure,12,Bakool,Alarm,0.588,2022
Rab Dhuure,03,Bakool,Alarm,0.6,2022
Rab Dhuure,04,Bakool,Alert,0.81,2022
Rab Dhuure,08,Bakool,Alert,0.95,2022
Rab Dhuure,10,Bakool,Alarm,0.72,2022
Rab Dhuure,05,Bakool,Alert,0.98,2022
Rab Dhuure,07,Bakool,Normal,1.13,2022
Rab Dhuure,06,Bakool,Normal,1.09,2022
Rab Dhuure,09,Bakool,Alert,0.8,2022
Rab Dhuure,11,Bakool,Alarm,0.68,2022
Rab Dhuure,02,Bakool,Normal,1.28,2021
Rab Dhuure,06,Bakool,Normal,2.27,2021
Rab Dhuure,12,Bakool,Alert,0.83,2021
Rab Dhuure,10,Bakool,Alert,0.8,2021
Rab Dhuure,05,Bakool,Normal,1.99,2021
Rab Dhuure,09,Bakool,Normal,1.74,2021
Rab Dhuure,01,Bakool,Alert,0.9,2021
Rab Dhuure,11,Bakool,Alarm,0.79,2021
Rab Dhuure,07,Bakool,Normal,2.73,2021
Rab Dhuure,04,Bakool,Normal,1.55,2021
Rab Dhuure,03,Bakool,Normal,1.31,2021
Rab Dhuure,08,Bakool,Normal,2.3,2021
Rab Dhuure,07,Bakool,Normal,2.86,2020
Rab Dhuure,03,Bakool,Normal,3.65,2020
Rab Dhuure,05,Bakool,Normal,2.7,2020
Rab Dhuure,02,Bakool,Normal,2.47,2020
Rab Dhuure,12,Bakool,Alert,0.83,2020
Rab Dhuure,01,Bakool,Normal,2.86,2020
Rab Dhuure,06,Bakool,Normal,2.7,2020
Rab Dhuure,10,Bakool,Normal,1.23,2020
Rab Dhuure,09,Bakool,Normal,2.26,2020
Rab Dhuure,11,Bakool,Normal,1.07,2020
Rab Dhuure,08,Bakool,Normal,2.76,2020
Rab Dhuure,04,Bakool,Normal,2.93,2020
Rab Dhuure,09,Bakool,Normal,1.44,2019
Rab Dhuure,04,Bakool,Alarm,0.73,2019
Rab Dhuure,11,Bakool,Normal,3.49,2019
Rab Dhuure,01,Bakool,Alarm,0.64,2019
Rab Dhuure,05,Bakool,Normal,1.53,2019
Rab Dhuure,07,Bakool,Normal,1.69,2019
Rab Dhuure,03,Bakool,Alarm,0.55,2019
Rab Dhuure,10,Bakool,Normal,3.55,2019
Rab Dhuure,06,Bakool,Normal,1.8,2019
Rab Dhuure,02,Bakool,Alarm,0.71,2019
Rab Dhuure,12,Bakool,Normal,3.04,2019
Rab Dhuure,08,Bakool,Normal,1.34,2019
Rab Dhuure,11,Bakool,Alarm,0.76,2018
Rab Dhuure,12,Bakool,Alarm,0.58,2018
Tayeeglow,09,Bakool,Normal,1.657,2024
Tayeeglow,01,Bakool,Normal,2.702,2024
Tayeeglow,07,Bakool,Normal,1.984,2024
Tayeeglow,08,Bakool,Normal,1.984,2024
Tayeeglow,02,Bakool,Normal,2.815,2024
Tayeeglow,04,Bakool,Normal,2.294,2024
Tayeeglow,06,Bakool,Normal,1.701,2024
Tayeeglow,05,Bakool,Normal,1.742,2024
Tayeeglow,03,Bakool,Normal,2.631,2024
Tayeeglow,12,Bakool,Normal,2.28,2023
Tayeeglow,11,Bakool,Normal,1.725,2023
Tayeeglow,10,Bakool,Normal,1.112,2023
Tayeeglow,05,Bakool,Normal,1.288,2023
Tayeeglow,04,Bakool,Normal,1.501,2023
Tayeeglow,07,Bakool,Normal,1.193,2023
Tayeeglow,01,Bakool,Alarm,0.79,2023
Tayeeglow,03,Bakool,Alert,0.846,2023
Tayeeglow,06,Bakool,Normal,1.315,2023
Tayeeglow,02,Bakool,Alarm,0.767,2023
Tayeeglow,08,Bakool,Normal,1.078,2023
Tayeeglow,09,Bakool,Alert,0.912,2023
Tayeeglow,09,Bakool,Alert,0.92,2022
Tayeeglow,01,Bakool,Alarm,0.3,2022
Tayeeglow,04,Bakool,Alarm,0.51,2022
Tayeeglow,08,Bakool,Normal,1.0,2022
Tayeeglow,02,Bakool,Alarm,0.35,2022
Tayeeglow,07,Bakool,Normal,1.06,2022
Tayeeglow,12,Bakool,Alarm,0.791,2022
Tayeeglow,03,Bakool,Alarm,0.4,2022
Tayeeglow,10,Bakool,Alarm,0.7,2022
Tayeeglow,06,Bakool,Alert,0.8,2022
Tayeeglow,05,Bakool,Alarm,0.72,2022
Tayeeglow,11,Bakool,Alert,0.819,2022
Tayeeglow,10,Bakool,Alarm,0.67,2021
Tayeeglow,04,Bakool,Alarm,0.78,2021
Tayeeglow,02,Bakool,Normal,1.52,2021
Tayeeglow,12,Bakool,Alarm,0.36,2021
Tayeeglow,08,Bakool,Normal,1.25,2021
Tayeeglow,05,Bakool,Normal,1.01,2021
Tayeeglow,01,Bakool,Normal,1.38,2021
Tayeeglow,11,Bakool,Alarm,0.43,2021
Tayeeglow,06,Bakool,Normal,1.12,2021
Tayeeglow,07,Bakool,Normal,1.4,2021
Tayeeglow,03,Bakool,Normal,1.44,2021
Tayeeglow,09,Bakool,Normal,1.02,2021
Tayeeglow,08,Bakool,Normal,3.13,2020
Tayeeglow,04,Bakool,Normal,2.47,2020
Tayeeglow,11,Bakool,Normal,2.02,2020
Tayeeglow,09,Bakool,Normal,2.12,2020
Tayeeglow,06,Bakool,Normal,2.16,2020
Tayeeglow,01,Bakool,Normal,2.15,2020
Tayeeglow,12,Bakool,Normal,1.65,2020
Tayeeglow,02,Bakool,Normal,2.09,2020
Tayeeglow,05,Bakool,Normal,2.14,2020
Tayeeglow,03,Bakool,Normal,2.98,2020
Tayeeglow,07,Bakool,Normal,2.86,2020
Tayeeglow,10,Bakool,Normal,2.16,2020
Tayeeglow,07,Bakool,Normal,1.73,2019
Tayeeglow,12,Bakool,Normal,2.41,2019
Tayeeglow,04,Bakool,Alarm,0.44,2019
Tayeeglow,03,Bakool,Alarm,0.6,2019
Tayeeglow,09,Bakool,Normal,1.52,2019
Tayeeglow,10,Bakool,Normal,2.29,2019
Tayeeglow,05,Bakool,Alert,0.99,2019
Tayeeglow,06,Bakool,Normal,1.22,2019
Tayeeglow,08,Bakool,Normal,1.78,2019
Tayeeglow,02,Bakool,Alert,0.92,2019
Tayeeglow,01,Bakool,Alert,0.97,2019
Tayeeglow,11,Bakool,Normal,2.14,2019
Tayeeglow,12,Bakool,Alert,0.91,2018
Tayeeglow,11,Bakool,Alert,0.85,2018
Waajid,08,Bakool,Normal,1.779,2024
Waajid,03,Bakool,Normal,2.916,2024
Waajid,07,Bakool,Normal,1.779,2024
Waajid,05,Bakool,Normal,1.668,2024
Waajid,02,Bakool,Normal,3.341,2024
Waajid,06,Bakool,Normal,1.582,2024
Waajid,09,Bakool,Normal,1.69,2024
Waajid,01,Bakool,Normal,3.164,2024
Waajid,04,Bakool,Normal,2.131,2024
Waajid,02,Bakool,Alert,0.835,2023
Waajid,12,Bakool,Normal,2.743,2023
Waajid,11,Bakool,Normal,1.995,2023
Waajid,08,Bakool,Alert,0.858,2023
Waajid,07,Bakool,Normal,1.031,2023
Waajid,01,Bakool,Alarm,0.797,2023
Waajid,04,Bakool,Normal,1.45,2023
Waajid,09,Bakool,Alarm,0.657,2023
Waajid,03,Bakool,Alert,0.896,2023
Waajid,06,Bakool,Normal,1.064,2023
Waajid,05,Bakool,Normal,1.181,2023
Waajid,10,Bakool,Normal,1.056,2023
Waajid,12,Bakool,Alarm,0.763,2022
Waajid,05,Bakool,Alert,0.81,2022
Waajid,10,Bakool,Alarm,0.69,2022
Waajid,11,Bakool,Alarm,0.789,2022
Waajid,09,Bakool,Alert,0.84,2022
Waajid,06,Bakool,Alert,0.98,2022
Waajid,08,Bakool,Normal,1.06,2022
Waajid,03,Bakool,Alarm,0.41,2022
Waajid,01,Bakool,Alarm,0.34,2022
Waajid,02,Bakool,Alarm,0.39,2022
Waajid,04,Bakool,Alarm,0.49,2022
Waajid,07,Bakool,Normal,1.2,2022
Waajid,10,Bakool,Alarm,0.58,2021
Waajid,01,Bakool,Normal,1.29,2021
Waajid,11,Bakool,Alarm,0.43,2021
Waajid,06,Bakool,Normal,1.48,2021
Waajid,08,Bakool,Normal,1.39,2021
Waajid,09,Bakool,Normal,1.13,2021
Waajid,02,Bakool,Normal,1.62,2021
Waajid,04,Bakool,Normal,1.35,2021
Waajid,07,Bakool,Normal,1.58,2021
Waajid,03,Bakool,Normal,1.71,2021
Waajid,05,Bakool,Normal,1.31,2021
Waajid,12,Bakool,Alarm,0.35,2021
Waajid,11,Bakool,Normal,1.59,2020
Waajid,09,Bakool,Normal,2.06,2020
Waajid,08,Bakool,Normal,2.87,2020
Waajid,12,Bakool,Normal,1.3,2020
Waajid,07,Bakool,Normal,2.52,2020
Waajid,06,Bakool,Normal,2.28,2020
Waajid,03,Bakool,Normal,3.46,2020
Waajid,02,Bakool,Normal,2.31,2020
Waajid,05,Bakool,Normal,2.2,2020
Waajid,01,Bakool,Normal,2.74,2020
Waajid,04,Bakool,Normal,2.52,2020
Waajid,10,Bakool,Normal,1.7,2020
Waajid,03,Bakool,Alarm,0.61,2019
Waajid,01,Bakool,Alarm,0.67,2019
Waajid,05,Bakool,Normal,1.22,2019
Waajid,04,Bakool,Alarm,0.52,2019
Waajid,07,Bakool,Normal,1.7,2019
Waajid,08,Bakool,Normal,1.6,2019
Waajid,10,Bakool,Normal,3.34,2019
Waajid,06,Bakool,Normal,1.51,2019
Waajid,12,Bakool,Normal,2.91,2019
Waajid,11,Bakool,Normal,3.28,2019
Waajid,02,Bakool,Alarm,0.73,2019
Waajid,09,Bakool,Normal,1.59,2019
Waajid,11,Bakool,Alert,0.97,2018
Waajid,12,Bakool,Alert,0.81,2018
Xudur,07,Bakool,Normal,2.022,2024
Xudur,06,Bakool,Normal,1.682,2024
Xudur,01,Bakool,Normal,2.845,2024
Xudur,09,Bakool,Normal,1.795,2024
Xudur,02,Bakool,Normal,3.006,2024
Xudur,05,Bakool,Normal,1.82,2024
Xudur,04,Bakool,Normal,2.241,2024
Xudur,03,Bakool,Normal,2.834,2024
Xudur,08,Bakool,Normal,2.022,2024
Xudur,10,Bakool,Normal,1.192,2023
Xudur,02,Bakool,Alert,0.81,2023
Xudur,08,Bakool,Normal,1.0,2023
Xudur,03,Bakool,Alert,0.905,2023
Xudur,09,Bakool,Alarm,0.744,2023
Xudur,11,Bakool,Normal,1.98,2023
Xudur,05,Bakool,Normal,1.197,2023
Xudur,06,Bakool,Normal,1.134,2023
Xudur,07,Bakool,Normal,1.114,2023
Xudur,01,Bakool,Alarm,0.799,2023
Xudur,12,Bakool,Normal,2.525,2023
Xudur,04,Bakool,Normal,1.473,2023
Xudur,05,Bakool,Alert,0.81,2022
Xudur,02,Bakool,Alarm,0.38,2022
Xudur,07,Bakool,Alert,0.97,2022
Xudur,06,Bakool,Alert,0.89,2022
Xudur,03,Bakool,Alarm,0.41,2022
Xudur,01,Bakool,Alarm,0.38,2022
Xudur,10,Bakool,Alert,0.95,2022
Xudur,04,Bakool,Alarm,0.5,2022
Xudur,11,Bakool,Alarm,0.767,2022
Xudur,08,Bakool,Alert,0.93,2022
Xudur,09,Bakool,Alert,0.89,2022
Xudur,12,Bakool,Alarm,0.734,2022
Xudur,04,Bakool,Normal,1.26,2021
Xudur,02,Bakool,Normal,1.7,2021
Xudur,03,Bakool,Normal,1.76,2021
Xudur,11,Bakool,Alarm,0.45,2021
Xudur,07,Bakool,Normal,1.54,2021
Xudur,09,Bakool,Normal,1.22,2021
Xudur,06,Bakool,Normal,1.5,2021
Xudur,05,Bakool,Normal,1.57,2021
Xudur,01,Bakool,Normal,1.55,2021
Xudur,10,Bakool,Alarm,0.68,2021
Xudur,12,Bakool,Alarm,0.39,2021
Xudur,08,Bakool,Normal,1.47,2021
Xudur,12,Bakool,Normal,1.64,2020
Xudur,01,Bakool,Normal,2.61,2020
Xudur,03,Bakool,Normal,3.2,2020
Xudur,06,Bakool,Normal,2.11,2020
Xudur,08,Bakool,Normal,2.98,2020
Xudur,10,Bakool,Normal,1.92,2020
Xudur,04,Bakool,Normal,2.42,2020
Xudur,07,Bakool,Normal,2.5,2020
Xudur,02,Bakool,Normal,2.09,2020
Xudur,11,Bakool,Normal,1.93,2020
Xudur,05,Bakool,Normal,2.13,2020
Xudur,09,Bakool,Normal,2.07,2020
Xudur,11,Bakool,Normal,3.2,2019
Xudur,08,Bakool,Normal,1.67,2019
Xudur,06,Bakool,Normal,1.38,2019
Xudur,12,Bakool,Normal,2.92,2019
Xudur,05,Bakool,Normal,1.15,2019
Xudur,01,Bakool,Alert,0.87,2019
Xudur,04,Bakool,Alarm,0.45,2019
Xudur,09,Bakool,Normal,1.97,2019
Xudur,10,Bakool,Normal,3.42,2019
Xudur,07,Bakool,Normal,1.66,2019
Xudur,03,Bakool,Alarm,0.62,2019
Xudur,02,Bakool,Alert,0.88,2019
Xudur,12,Bakool,Alert,0.81,2018
Xudur,11,Bakool,Alert,0.94,2018
Baydhaba,03,Bay,Normal,2.652,2024
Baydhaba,04,Bay,Normal,2.174,2024
Baydhaba,08,Bay,Normal,1.694,2024
Baydhaba,07,Bay,Normal,1.694,2024
Baydhaba,05,Bay,Normal,1.58,2024
Baydhaba,01,Bay,Normal,2.897,2024
Baydhaba,06,Bay,Normal,1.512,2024
Baydhaba,02,Bay,Normal,2.974,2024
Baydhaba,09,Bay,Normal,1.552,2024
Baydhaba,03,Bay,Alarm,0.785,2023
Baydhaba,04,Bay,Normal,1.357,2023
Baydhaba,08,Bay,Alert,0.879,2023
Baydhaba,12,Bay,Normal,2.563,2023
Baydhaba,05,Bay,Normal,1.198,2023
Baydhaba,10,Bay,Normal,1.022,2023
Baydhaba,02,Bay,Alarm,0.755,2023
Baydhaba,06,Bay,Normal,1.135,2023
Baydhaba,01,Bay,Alarm,0.787,2023
Baydhaba,11,Bay,Normal,1.873,2023
Baydhaba,09,Bay,Alarm,0.667,2023
Baydhaba,07,Bay,Normal,1.01,2023
Baydhaba,09,Bay,Alert,0.81,2022
Baydhaba,02,Bay,Alarm,0.38,2022
Baydhaba,11,Bay,Alarm,0.767,2022
Baydhaba,06,Bay,Alarm,0.74,2022
Baydhaba,01,Bay,Alarm,0.33,2022
Baydhaba,04,Bay,Alarm,0.42,2022
Baydhaba,05,Bay,Alarm,0.65,2022
Baydhaba,03,Bay,Alarm,0.41,2022
Baydhaba,10,Bay,Alarm,0.68,2022
Baydhaba,07,Bay,Alert,0.83,2022
Baydhaba,12,Bay,Alarm,0.795,2022
Baydhaba,08,Bay,Alert,0.87,2022
Baydhaba,02,Bay,Normal,1.37,2021
Baydhaba,08,Bay,Normal,1.19,2021
Baydhaba,11,Bay,Alarm,0.44,2021
Baydhaba,03,Bay,Normal,1.27,2021
Baydhaba,12,Bay,Alarm,0.36,2021
Baydhaba,07,Bay,Normal,1.26,2021
Baydhaba,04,Bay,Alert,0.8,2021
Baydhaba,01,Bay,Normal,1.22,2021
Baydhaba,09,Bay,Normal,1.05,2021
Baydhaba,10,Bay,Alarm,0.63,2021
Baydhaba,06,Bay,Normal,1.06,2021
Baydhaba,05,Bay,Alert,0.93,2021
Baydhaba,07,Bay,Normal,1.94,2020
Baydhaba,04,Bay,Normal,1.91,2020
Baydhaba,05,Bay,Normal,1.57,2020
Baydhaba,09,Bay,Normal,1.89,2020
Baydhaba,12,Bay,Normal,1.38,2020
Baydhaba,02,Bay,Normal,1.73,2020
Baydhaba,11,Bay,Normal,1.7,2020
Baydhaba,03,Bay,Normal,2.66,2020
Baydhaba,06,Bay,Normal,1.64,2020
Baydhaba,08,Bay,Normal,2.44,2020
Baydhaba,10,Bay,Normal,1.82,2020
Baydhaba,01,Bay,Normal,2.24,2020
Baydhaba,12,Bay,Normal,2.47,2019
Baydhaba,03,Bay,Alarm,0.55,2019
Baydhaba,06,Bay,Normal,1.22,2019
Baydhaba,01,Bay,Alert,0.97,2019
Baydhaba,10,Bay,Normal,2.79,2019
Baydhaba,11,Bay,Normal,2.42,2019
Baydhaba,09,Bay,Normal,1.37,2019
Baydhaba,08,Bay,Normal,1.58,2019
Baydhaba,02,Bay,Alert,0.85,2019
Baydhaba,05,Bay,Normal,1.04,2019
Baydhaba,07,Bay,Normal,1.47,2019
Baydhaba,04,Bay,Alarm,0.48,2019
Baydhaba,12,Bay,Alarm,0.79,2018
Baydhaba,11,Bay,Alarm,0.69,2018
Buur Hakaba,04,Bay,Normal,1.995,2024
Buur Hakaba,03,Bay,Normal,2.499,2024
Buur Hakaba,01,Bay,Normal,2.687,2024
Buur Hakaba,07,Bay,Normal,1.381,2024
Buur Hakaba,05,Bay,Normal,1.415,2024
Buur Hakaba,02,Bay,Normal,2.697,2024
Buur Hakaba,09,Bay,Normal,1.332,2024
Buur Hakaba,08,Bay,Normal,1.381,2024
Buur Hakaba,06,Bay,Normal,1.309,2024
Buur Hakaba,04,Bay,Normal,1.314,2023
Buur Hakaba,12,Bay,Normal,2.245,2023
Buur Hakaba,10,Bay,Alert,0.908,2023
Buur Hakaba,01,Bay,Alarm,0.705,2023
Buur Hakaba,02,Bay,Alarm,0.649,2023
Buur Hakaba,11,Bay,Normal,1.62,2023
Buur Hakaba,07,Bay,Alert,0.966,2023
Buur Hakaba,09,Bay,Alarm,0.757,2023
Buur Hakaba,08,Bay,Alert,0.838,2023
Buur Hakaba,03,Bay,Alarm,0.673,2023
Buur Hakaba,05,Bay,Normal,1.216,2023
Buur Hakaba,06,Bay,Normal,1.14,2023
Buur Hakaba,10,Bay,Alarm,0.63,2022
Buur Hakaba,03,Bay,Alarm,0.34,2022
Buur Hakaba,12,Bay,Alarm,0.788,2022
Buur Hakaba,04,Bay,Alarm,0.42,2022
Buur Hakaba,09,Bay,Alert,0.85,2022
Buur Hakaba,06,Bay,Alarm,0.78,2022
Buur Hakaba,05,Bay,Alarm,0.63,2022
Buur Hakaba,01,Bay,Alarm,0.27,2022
Buur Hakaba,07,Bay,Alert,0.87,2022
Buur Hakaba,08,Bay,Alert,0.89,2022
Buur Hakaba,11,Bay,Alert,0.8,2022
Buur Hakaba,02,Bay,Alarm,0.32,2022
Buur Hakaba,08,Bay,Alert,0.91,2021
Buur Hakaba,02,Bay,Normal,1.47,2021
Buur Hakaba,07,Bay,Alarm,0.74,2021
Buur Hakaba,11,Bay,Alarm,0.39,2021
Buur Hakaba,04,Bay,Alarm,0.78,2021
Buur Hakaba,05,Bay,Alarm,0.6,2021
Buur Hakaba,03,Bay,Normal,1.3,2021
Buur Hakaba,12,Bay,Alarm,0.31,2021
Buur Hakaba,01,Bay,Normal,1.41,2021
Buur Hakaba,10,Bay,Alarm,0.52,2021
Buur Hakaba,06,Bay,Alarm,0.55,2021
Buur Hakaba,09,Bay,Alert,0.8,2021
Buur Hakaba,07,Bay,Normal,1.94,2020
Buur Hakaba,04,Bay,Normal,1.78,2020
Buur Hakaba,09,Bay,Normal,1.88,2020
Buur Hakaba,03,Bay,Normal,2.33,2020
Buur Hakaba,06,Bay,Normal,1.5,2020
Buur Hakaba,11,Bay,Normal,1.72,2020
Buur Hakaba,10,Bay,Normal,1.75,2020
Buur Hakaba,12,Bay,Normal,1.7,2020
Buur Hakaba,05,Bay,Normal,1.49,2020
Buur Hakaba,02,Bay,Normal,1.53,2020
Buur Hakaba,01,Bay,Normal,1.94,2020
Buur Hakaba,08,Bay,Normal,2.32,2020
Buur Hakaba,03,Bay,Alarm,0.68,2019
Buur Hakaba,12,Bay,Normal,2.11,2019
Buur Hakaba,11,Bay,Normal,2.11,2019
Buur Hakaba,06,Bay,Normal,1.16,2019
Buur Hakaba,09,Bay,Normal,1.38,2019
Buur Hakaba,10,Bay,Normal,2.41,2019
Buur Hakaba,01,Bay,Alert,0.84,2019
Buur Hakaba,02,Bay,Alarm,0.75,2019
Buur Hakaba,05,Bay,Normal,1.17,2019
Buur Hakaba,04,Bay,Alarm,0.74,2019
Buur Hakaba,08,Bay,Normal,1.51,2019
Buur Hakaba,07,Bay,Normal,1.4,2019
Buur Hakaba,12,Bay,Alarm,0.67,2018
Buur Hakaba,11,Bay,Alarm,0.58,2018
Diinsoor,08,Bay,Normal,1.312,2024
Diinsoor,02,Bay,Normal,2.802,2024
Diinsoor,03,Bay,Normal,2.478,2024
Diinsoor,05,Bay,Normal,1.338,2024
Diinsoor,09,Bay,Normal,1.262,2024
Diinsoor,04,Bay,Normal,2.131,2024
Diinsoor,07,Bay,Normal,1.312,2024
Diinsoor,01,Bay,Normal,2.814,2024
Diinsoor,06,Bay,Normal,1.293,2024
Diinsoor,02,Bay,Alarm,0.661,2023
Diinsoor,05,Bay,Normal,1.391,2023
Diinsoor,04,Bay,Normal,1.389,2023
Diinsoor,09,Bay,Alert,0.804,2023
Diinsoor,06,Bay,Normal,1.328,2023
Diinsoor,07,Bay,Normal,1.173,2023
Diinsoor,12,Bay,Normal,2.416,2023
Diinsoor,01,Bay,Alarm,0.687,2023
Diinsoor,11,Bay,Normal,1.691,2023
Diinsoor,08,Bay,Normal,1.019,2023
Diinsoor,10,Bay,Alert,0.948,2023
Diinsoor,03,Bay,Alarm,0.78,2023
Diinsoor,11,Bay,Alert,0.816,2022
Diinsoor,04,Bay,Alarm,0.43,2022
Diinsoor,03,Bay,Alarm,0.32,2022
Diinsoor,08,Bay,Alert,0.93,2022
Diinsoor,09,Bay,Normal,1.03,2022
Diinsoor,12,Bay,Alarm,0.733,2022
Diinsoor,10,Bay,Alert,0.9,2022
Diinsoor,07,Bay,Alert,0.96,2022
Diinsoor,01,Bay,Alarm,0.34,2022
Diinsoor,06,Bay,Alert,0.8,2022
Diinsoor,05,Bay,Alarm,0.67,2022
Diinsoor,02,Bay,Alarm,0.35,2022
Diinsoor,08,Bay,Normal,1.04,2021
Diinsoor,06,Bay,Alert,0.9,2021
Diinsoor,01,Bay,Normal,1.11,2021
Diinsoor,02,Bay,Normal,1.2,2021
Diinsoor,03,Bay,Normal,1.13,2021
Diinsoor,10,Bay,Alert,0.84,2021
Diinsoor,07,Bay,Alert,0.95,2021
Diinsoor,04,Bay,Alarm,0.79,2021
Diinsoor,11,Bay,Alarm,0.56,2021
Diinsoor,12,Bay,Alarm,0.36,2021
Diinsoor,09,Bay,Normal,1.1,2021
Diinsoor,05,Bay,Alert,0.83,2021
Diinsoor,04,Bay,Normal,2.05,2020
Diinsoor,06,Bay,Normal,1.31,2020
Diinsoor,11,Bay,Normal,1.2,2020
Diinsoor,10,Bay,Alert,0.9,2020
Diinsoor,02,Bay,Normal,2.21,2020
Diinsoor,03,Bay,Normal,3.02,2020
Diinsoor,01,Bay,Normal,2.1,2020
Diinsoor,12,Bay,Normal,1.31,2020
Diinsoor,09,Bay,Normal,1.22,2020
Diinsoor,08,Bay,Normal,1.71,2020
Diinsoor,07,Bay,Normal,1.58,2020
Diinsoor,05,Bay,Normal,1.36,2020
Diinsoor,03,Bay,Alert,0.94,2019
Diinsoor,05,Bay,Normal,1.37,2019
Diinsoor,04,Bay,Normal,1.03,2019
Diinsoor,11,Bay,Normal,2.53,2019
Diinsoor,02,Bay,Normal,1.0,2019
Diinsoor,12,Bay,Normal,2.26,2019
Diinsoor,08,Bay,Normal,1.41,2019
Diinsoor,06,Bay,Normal,1.21,2019
Diinsoor,01,Bay,Normal,1.09,2019
Diinsoor,07,Bay,Normal,1.27,2019
Diinsoor,09,Bay,Normal,1.62,2019
Diinsoor,10,Bay,Normal,2.99,2019
Diinsoor,12,Bay,Alert,0.97,2018
Diinsoor,11,Bay,Alert,0.83,2018
Qansax Dheere,07,Bay,Normal,1.49,2024
Qansax Dheere,09,Bay,Normal,1.516,2024
Qansax Dheere,03,Bay,Normal,2.917,2024
Qansax Dheere,06,Bay,Normal,1.501,2024
Qansax Dheere,08,Bay,Normal,1.49,2024
Qansax Dheere,05,Bay,Normal,1.595,2024
Qansax Dheere,01,Bay,Normal,3.211,2024
Qansax Dheere,04,Bay,Normal,2.317,2024
Qansax Dheere,02,Bay,Normal,3.357,2024
Qansax Dheere,02,Bay,Alarm,0.6,2023
Qansax Dheere,09,Bay,Alert,0.821,2023
Qansax Dheere,06,Bay,Normal,1.384,2023
Qansax Dheere,05,Bay,Normal,1.407,2023
Qansax Dheere,10,Bay,Normal,1.108,2023
Qansax Dheere,08,Bay,Normal,1.082,2023
Qansax Dheere,12,Bay,Normal,2.807,2023
Qansax Dheere,11,Bay,Normal,2.111,2023
Qansax Dheere,03,Bay,Alarm,0.77,2023
Qansax Dheere,04,Bay,Normal,1.402,2023
Qansax Dheere,01,Bay,Alarm,0.639,2023
Qansax Dheere,07,Bay,Normal,1.261,2023
Qansax Dheere,11,Bay,Alarm,0.78,2022
Qansax Dheere,01,Bay,Alarm,0.3,2022
Qansax Dheere,04,Bay,Alarm,0.39,2022
Qansax Dheere,09,Bay,Alarm,0.75,2022
Qansax Dheere,02,Bay,Alarm,0.36,2022
Qansax Dheere,07,Bay,Alert,0.81,2022
Qansax Dheere,08,Bay,Alert,0.82,2022
Qansax Dheere,05,Bay,Alarm,0.59,2022
Qansax Dheere,06,Bay,Alarm,0.73,2022
Qansax Dheere,10,Bay,Alarm,0.66,2022
Qansax Dheere,03,Bay,Alarm,0.38,2022
Qansax Dheere,12,Bay,Alarm,0.676,2022
Qansax Dheere,01,Bay,Normal,1.31,2021
Qansax Dheere,04,Bay,Alert,0.84,2021
Qansax Dheere,02,Bay,Normal,1.22,2021
Qansax Dheere,07,Bay,Normal,1.16,2021
Qansax Dheere,12,Bay,Alarm,0.32,2021
Qansax Dheere,09,Bay,Normal,1.01,2021
Qansax Dheere,11,Bay,Alarm,0.4,2021
Qansax Dheere,05,Bay,Alert,0.97,2021
Qansax Dheere,10,Bay,Alarm,0.6,2021
Qansax Dheere,03,Bay,Normal,1.15,2021
Qansax Dheere,08,Bay,Normal,1.17,2021
Qansax Dheere,06,Bay,Normal,1.09,2021
Qansax Dheere,03,Bay,Normal,3.16,2020
Qansax Dheere,10,Bay,Normal,1.0,2020
Qansax Dheere,09,Bay,Normal,1.49,2020
Qansax Dheere,06,Bay,Normal,1.6,2020
Qansax Dheere,12,Bay,Normal,1.24,2020
Qansax Dheere,01,Bay,Normal,2.21,2020
Qansax Dheere,05,Bay,Normal,1.68,2020
Qansax Dheere,04,Bay,Normal,2.14,2020
Qansax Dheere,02,Bay,Normal,2.36,2020
Qansax Dheere,07,Bay,Normal,1.74,2020
Qansax Dheere,11,Bay,Normal,1.03,2020
Qansax Dheere,08,Bay,Normal,2.03,2020
Qansax Dheere,04,Bay,Alarm,0.6,2019
Qansax Dheere,03,Bay,Alarm,0.68,2019
Qansax Dheere,10,Bay,Normal,2.97,2019
Qansax Dheere,06,Bay,Normal,1.15,2019
Qansax Dheere,02,Bay,Alert,0.91,2019
Qansax Dheere,05,Bay,Normal,1.13,2019
Qansax Dheere,07,Bay,Normal,1.2,2019
Qansax Dheere,11,Bay,Normal,2.46,2019
Qansax Dheere,01,Bay,Alert,0.96,2019
Qansax Dheere,12,Bay,Normal,2.42,2019
Qansax Dheere,08,Bay,Normal,1.23,2019
Qansax Dheere,09,Bay,Normal,1.27,2019
Qansax Dheere,11,Bay,Alarm,0.44,2018
Qansax Dheere,12,Bay,Alarm,0.74,2018
Afgooye,07,Lower Shabelle,Normal,1.222,2024
Afgooye,04,Lower Shabelle,Normal,2.07,2024
Afgooye,09,Lower Shabelle,Normal,1.438,2024
Afgooye,05,Lower Shabelle,Normal,1.398,2024
Afgooye,08,Lower Shabelle,Normal,1.222,2024
Afgooye,03,Lower Shabelle,Normal,2.458,2024
Afgooye,01,Lower Shabelle,Normal,2.533,2024
Afgooye,06,Lower Shabelle,Normal,1.259,2024
Afgooye,02,Lower Shabelle,Normal,2.556,2024
Afgooye,08,Lower Shabelle,Alert,0.85,2023
Afgooye,11,Lower Shabelle,Normal,1.463,2023
Afgooye,07,Lower Shabelle,Alert,0.986,2023
Afgooye,03,Lower Shabelle,Alarm,0.782,2023
Afgooye,12,Lower Shabelle,Normal,2.03,2023
Afgooye,01,Lower Shabelle,Alarm,0.747,2023
Afgooye,05,Lower Shabelle,Normal,1.43,2023
Afgooye,06,Lower Shabelle,Normal,1.231,2023
Afgooye,04,Lower Shabelle,Normal,1.502,2023
Afgooye,10,Lower Shabelle,Alarm,0.793,2023
Afgooye,09,Lower Shabelle,Alert,0.943,2023
Afgooye,02,Lower Shabelle,Alarm,0.708,2023
Afgooye,01,Lower Shabelle,Alarm,0.29,2022
Afgooye,10,Lower Shabelle,Alarm,0.53,2022
Afgooye,02,Lower Shabelle,Alarm,0.36,2022
Afgooye,09,Lower Shabelle,Alarm,0.79,2022
Afgooye,05,Lower Shabelle,Alarm,0.54,2022
Afgooye,06,Lower Shabelle,Alarm,0.57,2022
Afgooye,11,Lower Shabelle,Alert,0.853,2022
Afgooye,03,Lower Shabelle,Alarm,0.36,2022
Afgooye,08,Lower Shabelle,Alert,0.88,2022
Afgooye,04,Lower Shabelle,Alarm,0.42,2022
Afgooye,12,Lower Shabelle,Alert,0.918,2022
Afgooye,07,Lower Shabelle,Alarm,0.78,2022
Afgooye,10,Lower Shabelle,Alert,0.84,2021
Afgooye,06,Lower Shabelle,Alarm,0.75,2021
Afgooye,07,Lower Shabelle,Alert,0.83,2021
Afgooye,11,Lower Shabelle,Alarm,0.52,2021
Afgooye,02,Lower Shabelle,Normal,1.79,2021
Afgooye,01,Lower Shabelle,Normal,1.84,2021
Afgooye,04,Lower Shabelle,Alert,0.87,2021
Afgooye,03,Lower Shabelle,Normal,1.54,2021
Afgooye,09,Lower Shabelle,Alert,0.89,2021
Afgooye,05,Lower Shabelle,Alarm,0.77,2021
Afgooye,08,Lower Shabelle,Alert,0.86,2021
Afgooye,12,Lower Shabelle,Alarm,0.38,2021
Afgooye,08,Lower Shabelle,Normal,2.59,2020
Afgooye,09,Lower Shabelle,Normal,2.07,2020
Afgooye,06,Lower Shabelle,Normal,1.81,2020
Afgooye,10,Lower Shabelle,Normal,2.13,2020
Afgooye,05,Lower Shabelle,Normal,1.74,2020
Afgooye,03,Lower Shabelle,Normal,3.23,2020
Afgooye,04,Lower Shabelle,Normal,2.38,2020
Afgooye,12,Lower Shabelle,Normal,2.28,2020
Afgooye,07,Lower Shabelle,Normal,2.51,2020
Afgooye,02,Lower Shabelle,Normal,2.85,2020
Afgooye,11,Lower Shabelle,Normal,2.09,2020
Afgooye,01,Lower Shabelle,Normal,2.54,2020
Afgooye,06,Lower Shabelle,Normal,1.02,2019
Afgooye,05,Lower Shabelle,Normal,1.05,2019
Afgooye,12,Lower Shabelle,Normal,2.52,2019
Afgooye,07,Lower Shabelle,Normal,1.17,2019
Afgooye,08,Lower Shabelle,Normal,1.19,2019
Afgooye,01,Lower Shabelle,Alert,0.85,2019
Afgooye,02,Lower Shabelle,Alert,0.84,2019
Afgooye,10,Lower Shabelle,Normal,1.93,2019
Afgooye,04,Lower Shabelle,Alert,0.81,2019
Afgooye,09,Lower Shabelle,Normal,1.07,2019
Afgooye,03,Lower Shabelle,Normal,1.0,2019
Afgooye,11,Lower Shabelle,Normal,2.08,2019
Afgooye,11,Lower Shabelle,Alarm,0.48,2018
Afgooye,12,Lower Shabelle,Alarm,0.66,2018
Baraawe,05,Lower Shabelle,Normal,1.547,2024
Baraawe,06,Lower Shabelle,Normal,1.401,2024
Baraawe,07,Lower Shabelle,Normal,1.058,2024
Baraawe,08,Lower Shabelle,Normal,1.058,2024
Baraawe,09,Lower Shabelle,Normal,1.332,2024
Baraawe,02,Lower Shabelle,Normal,2.662,2024
Baraawe,03,Lower Shabelle,Normal,2.863,2024
Baraawe,01,Lower Shabelle,Normal,2.187,2024
Baraawe,04,Lower Shabelle,Normal,2.331,2024
Baraawe,09,Lower Shabelle,Alert,0.801,2023
Baraawe,08,Lower Shabelle,Alarm,0.792,2023
Baraawe,12,Lower Shabelle,Normal,1.644,2023
Baraawe,06,Lower Shabelle,Normal,1.185,2023
Baraawe,04,Lower Shabelle,Normal,1.628,2023
Baraawe,01,Lower Shabelle,Alarm,0.793,2023
Baraawe,03,Lower Shabelle,Alert,0.825,2023
Baraawe,05,Lower Shabelle,Normal,1.507,2023
Baraawe,11,Lower Shabelle,Normal,1.041,2023
Baraawe,10,Lower Shabelle,Alarm,0.559,2023
Baraawe,02,Lower Shabelle,Alarm,0.768,2023
Baraawe,07,Lower Shabelle,Alert,0.965,2023
Baraawe,06,Lower Shabelle,Alarm,0.59,2022
Baraawe,04,Lower Shabelle,Alarm,0.47,2022
Baraawe,10,Lower Shabelle,Alert,0.96,2022
Baraawe,08,Lower Shabelle,Normal,1.0,2022
Baraawe,05,Lower Shabelle,Alarm,0.64,2022
Baraawe,02,Lower Shabelle,Alarm,0.4,2022
Baraawe,03,Lower Shabelle,Alarm,0.38,2022
Baraawe,12,Lower Shabelle,Alarm,0.774,2022
Baraawe,01,Lower Shabelle,Alarm,0.38,2022
Baraawe,09,Lower Shabelle,Normal,1.1,2022
Baraawe,07,Lower Shabelle,Alert,0.87,2022
Baraawe,11,Lower Shabelle,Alert,0.918,2022
Baraawe,04,Lower Shabelle,Alarm,0.71,2021
Baraawe,03,Lower Shabelle,Normal,1.12,2021
Baraawe,02,Lower Shabelle,Normal,1.24,2021
Baraawe,06,Lower Shabelle,Alarm,0.73,2021
Baraawe,05,Lower Shabelle,Alarm,0.57,2021
Baraawe,12,Lower Shabelle,Alarm,0.44,2021
Baraawe,07,Lower Shabelle,Alert,0.92,2021
Baraawe,01,Lower Shabelle,Normal,1.07,2021
Baraawe,11,Lower Shabelle,Alarm,0.7,2021
Baraawe,08,Lower Shabelle,Normal,1.04,2021
Baraawe,09,Lower Shabelle,Normal,1.1,2021
Baraawe,10,Lower Shabelle,Normal,1.02,2021
Baraawe,10,Lower Shabelle,Normal,2.6,2020
Baraawe,03,Lower Shabelle,Normal,2.67,2020
Baraawe,06,Lower Shabelle,Normal,2.76,2020
Baraawe,05,Lower Shabelle,Normal,2.23,2020
Baraawe,08,Lower Shabelle,Normal,3.38,2020
Baraawe,01,Lower Shabelle,Normal,1.97,2020
Baraawe,02,Lower Shabelle,Normal,1.81,2020
Baraawe,11,Lower Shabelle,Normal,2.48,2020
Baraawe,12,Lower Shabelle,Normal,1.64,2020
Baraawe,09,Lower Shabelle,Normal,2.44,2020
Baraawe,04,Lower Shabelle,Normal,2.24,2020
Baraawe,07,Lower Shabelle,Normal,3.63,2020
Baraawe,02,Lower Shabelle,Alarm,0.33,2019
Baraawe,08,Lower Shabelle,Normal,1.18,2019
Baraawe,09,Lower Shabelle,Normal,1.28,2019
Baraawe,04,Lower Shabelle,Alarm,0.49,2019
Baraawe,11,Lower Shabelle,Normal,1.82,2019
Baraawe,07,Lower Shabelle,Normal,1.16,2019
Baraawe,03,Lower Shabelle,Alarm,0.59,2019
Baraawe,10,Lower Shabelle,Normal,2.23,2019
Baraawe,12,Lower Shabelle,Normal,1.99,2019
Baraawe,06,Lower Shabelle,Normal,1.04,2019
Baraawe,05,Lower Shabelle,Normal,1.1,2019
Baraawe,01,Lower Shabelle,Alarm,0.29,2019
Baraawe,12,Lower Shabelle,Alarm,0.28,2018
Baraawe,11,Lower Shabelle,Alarm,0.28,2018
Kurtunwaarey,07,Lower Shabelle,Alert,0.971,2024
Kurtunwaarey,05,Lower Shabelle,Normal,1.293,2024
Kurtunwaarey,03,Lower Shabelle,Normal,2.761,2024
Kurtunwaarey,04,Lower Shabelle,Normal,1.997,2024
Kurtunwaarey,06,Lower Shabelle,Normal,1.197,2024
Kurtunwaarey,01,Lower Shabelle,Normal,2.61,2024
Kurtunwaarey,02,Lower Shabelle,Normal,2.804,2024
Kurtunwaarey,08,Lower Shabelle,Alert,0.971,2024
Kurtunwaarey,09,Lower Shabelle,Normal,1.299,2024
Kurtunwaarey,10,Lower Shabelle,Alarm,0.758,2023
Kurtunwaarey,02,Lower Shabelle,Alarm,0.796,2023
Kurtunwaarey,07,Lower Shabelle,Alert,0.95,2023
Kurtunwaarey,12,Lower Shabelle,Normal,2.139,2023
Kurtunwaarey,09,Lower Shabelle,Alert,0.821,2023
Kurtunwaarey,08,Lower Shabelle,Alert,0.803,2023
Kurtunwaarey,11,Lower Shabelle,Normal,1.513,2023
Kurtunwaarey,03,Lower Shabelle,Alert,0.821,2023
Kurtunwaarey,04,Lower Shabelle,Normal,1.477,2023
Kurtunwaarey,01,Lower Shabelle,Alert,0.81,2023
Kurtunwaarey,05,Lower Shabelle,Normal,1.411,2023
Kurtunwaarey,06,Lower Shabelle,Normal,1.162,2023
Kurtunwaarey,11,Lower Shabelle,Alert,0.883,2022
Kurtunwaarey,03,Lower Shabelle,Alarm,0.23,2022
Kurtunwaarey,04,Lower Shabelle,Alarm,0.35,2022
Kurtunwaarey,07,Lower Shabelle,Alert,0.92,2022
Kurtunwaarey,12,Lower Shabelle,Alert,0.91,2022
Kurtunwaarey,05,Lower Shabelle,Alarm,0.52,2022
Kurtunwaarey,06,Lower Shabelle,Alarm,0.69,2022
Kurtunwaarey,08,Lower Shabelle,Alert,0.94,2022
Kurtunwaarey,01,Lower Shabelle,Alarm,0.28,2022
Kurtunwaarey,09,Lower Shabelle,Alert,0.95,2022
Kurtunwaarey,10,Lower Shabelle,Alert,0.97,2022
Kurtunwaarey,02,Lower Shabelle,Alarm,0.27,2022
Kurtunwaarey,04,Lower Shabelle,Alert,0.81,2021
Kurtunwaarey,01,Lower Shabelle,Normal,1.39,2021
Kurtunwaarey,06,Lower Shabelle,Alarm,0.55,2021
Kurtunwaarey,09,Lower Shabelle,Normal,1.05,2021
Kurtunwaarey,08,Lower Shabelle,Alert,0.93,2021
Kurtunwaarey,10,Lower Shabelle,Alarm,0.78,2021
Kurtunwaarey,03,Lower Shabelle,Normal,1.36,2021
Kurtunwaarey,05,Lower Shabelle,Alarm,0.58,2021
Kurtunwaarey,12,Lower Shabelle,Alarm,0.33,2021
Kurtunwaarey,11,Lower Shabelle,Alarm,0.52,2021
Kurtunwaarey,07,Lower Shabelle,Alarm,0.75,2021
Kurtunwaarey,02,Lower Shabelle,Normal,1.53,2021
Kurtunwaarey,09,Lower Shabelle,Normal,2.01,2020
Kurtunwaarey,06,Lower Shabelle,Normal,1.77,2020
Kurtunwaarey,05,Lower Shabelle,Normal,1.68,2020
Kurtunwaarey,12,Lower Shabelle,Normal,1.96,2020
Kurtunwaarey,03,Lower Shabelle,Normal,2.61,2020
Kurtunwaarey,01,Lower Shabelle,Normal,2.22,2020
Kurtunwaarey,07,Lower Shabelle,Normal,2.48,2020
Kurtunwaarey,04,Lower Shabelle,Normal,1.95,2020
Kurtunwaarey,11,Lower Shabelle,Normal,2.19,2020
Kurtunwaarey,02,Lower Shabelle,Normal,2.15,2020
Kurtunwaarey,08,Lower Shabelle,Normal,2.78,2020
Kurtunwaarey,10,Lower Shabelle,Normal,2.23,2020
Kurtunwaarey,03,Lower Shabelle,Alarm,0.78,2019
Kurtunwaarey,06,Lower Shabelle,Normal,1.08,2019
Kurtunwaarey,02,Lower Shabelle,Alarm,0.62,2019
Kurtunwaarey,12,Lower Shabelle,Normal,2.2,2019
Kurtunwaarey,10,Lower Shabelle,Normal,2.48,2019
Kurtunwaarey,11,Lower Shabelle,Normal,2.12,2019
Kurtunwaarey,09,Lower Shabelle,Normal,1.35,2019
Kurtunwaarey,07,Lower Shabelle,Normal,1.14,2019
Kurtunwaarey,04,Lower Shabelle,Alarm,0.78,2019
Kurtunwaarey,05,Lower Shabelle,Normal,1.21,2019
Kurtunwaarey,08,Lower Shabelle,Normal,1.18,2019
Kurtunwaarey,01,Lower Shabelle,Alarm,0.52,2019
Kurtunwaarey,12,Lower Shabelle,Alarm,0.45,2018
Kurtunwaarey,11,Lower Shabelle,Alarm,0.35,2018
Marka,09,Lower Shabelle,Normal,1.285,2024
Marka,08,Lower Shabelle,Alert,0.961,2024
Marka,02,Lower Shabelle,Normal,3.011,2024
Marka,04,Lower Shabelle,Normal,2.497,2024
Marka,06,Lower Shabelle,Normal,1.373,2024
Marka,03,Lower Shabelle,Normal,3.11,2024
Marka,07,Lower Shabelle,Alert,0.961,2024
Marka,05,Lower Shabelle,Normal,1.479,2024
Marka,01,Lower Shabelle,Normal,2.355,2024
Marka,01,Lower Shabelle,Normal,1.045,2023
Marka,07,Lower Shabelle,Alert,0.947,2023
Marka,12,Lower Shabelle,Normal,1.814,2023
Marka,08,Lower Shabelle,Alert,0.809,2023
Marka,04,Lower Shabelle,Normal,1.605,2023
Marka,10,Lower Shabelle,Alarm,0.784,2023
Marka,06,Lower Shabelle,Normal,1.2,2023
Marka,05,Lower Shabelle,Normal,1.502,2023
Marka,03,Lower Shabelle,Alert,0.919,2023
Marka,11,Lower Shabelle,Normal,1.252,2023
Marka,09,Lower Shabelle,Alert,0.818,2023
Marka,02,Lower Shabelle,Alert,0.876,2023
Marka,11,Lower Shabelle,Normal,1.003,2022
Marka,02,Lower Shabelle,Alarm,0.49,2022
Marka,05,Lower Shabelle,Alarm,0.63,2022
Marka,01,Lower Shabelle,Alarm,0.58,2022
Marka,07,Lower Shabelle,Alarm,0.78,2022
Marka,06,Lower Shabelle,Alarm,0.55,2022
Marka,08,Lower Shabelle,Alert,0.94,2022
Marka,10,Lower Shabelle,Alert,0.93,2022
Marka,12,Lower Shabelle,Normal,1.086,2022
Marka,04,Lower Shabelle,Alarm,0.51,2022
Marka,03,Lower Shabelle,Alarm,0.44,2022
Marka,09,Lower Shabelle,Alert,0.96,2022
Marka,12,Lower Shabelle,Alarm,0.62,2021
Marka,11,Lower Shabelle,Alarm,0.73,2021
Marka,03,Lower Shabelle,Normal,1.39,2021
Marka,06,Lower Shabelle,Alarm,0.72,2021
Marka,10,Lower Shabelle,Normal,1.04,2021
Marka,01,Lower Shabelle,Normal,1.45,2021
Marka,07,Lower Shabelle,Alert,0.81,2021
Marka,04,Lower Shabelle,Alert,0.87,2021
Marka,05,Lower Shabelle,Alarm,0.7,2021
Marka,08,Lower Shabelle,Alert,0.9,2021
Marka,09,Lower Shabelle,Normal,1.05,2021
Marka,02,Lower Shabelle,Normal,1.53,2021
Marka,08,Lower Shabelle,Normal,3.08,2020
Marka,01,Lower Shabelle,Normal,2.0,2020
Marka,09,Lower Shabelle,Normal,2.39,2020
Marka,06,Lower Shabelle,Normal,1.84,2020
Marka,12,Lower Shabelle,Normal,2.37,2020
Marka,10,Lower Shabelle,Normal,2.12,2020
Marka,11,Lower Shabelle,Normal,2.12,2020
Marka,03,Lower Shabelle,Normal,2.99,2020
Marka,07,Lower Shabelle,Normal,3.12,2020
Marka,04,Lower Shabelle,Normal,2.15,2020
Marka,05,Lower Shabelle,Normal,1.68,2020
Marka,02,Lower Shabelle,Normal,2.13,2020
Marka,01,Lower Shabelle,Alarm,0.52,2019
Marka,03,Lower Shabelle,Alarm,0.77,2019
Marka,10,Lower Shabelle,Normal,1.25,2019
Marka,02,Lower Shabelle,Alarm,0.53,2019
Marka,06,Lower Shabelle,Alarm,0.44,2019
Marka,04,Lower Shabelle,Alarm,0.67,2019
Marka,08,Lower Shabelle,Alert,0.97,2019
Marka,12,Lower Shabelle,Normal,1.94,2019
Marka,09,Lower Shabelle,Alert,0.85,2019
Marka,05,Lower Shabelle,Alarm,0.63,2019
Marka,11,Lower Shabelle,Normal,1.55,2019
Marka,07,Lower Shabelle,Alarm,0.7,2019
Marka,11,Lower Shabelle,Alarm,0.38,2018
Marka,12,Lower Shabelle,Alarm,0.45,2018
Qoryooley,07,Lower Shabelle,Normal,1.114,2024
Qoryooley,03,Lower Shabelle,Normal,2.776,2024
Qoryooley,05,Lower Shabelle,Normal,1.381,2024
Qoryooley,02,Lower Shabelle,Normal,2.782,2024
Qoryooley,01,Lower Shabelle,Normal,2.447,2024
Qoryooley,08,Lower Shabelle,Normal,1.114,2024
Qoryooley,06,Lower Shabelle,Normal,1.306,2024
Qoryooley,04,Lower Shabelle,Normal,2.024,2024
Qoryooley,09,Lower Shabelle,Normal,1.381,2024
Qoryooley,04,Lower Shabelle,Normal,1.401,2023
Qoryooley,06,Lower Shabelle,Normal,1.103,2023
Qoryooley,12,Lower Shabelle,Normal,1.947,2023
Qoryooley,09,Lower Shabelle,Alarm,0.728,2023
Qoryooley,03,Lower Shabelle,Alarm,0.797,2023
Qoryooley,01,Lower Shabelle,Alert,0.827,2023
Qoryooley,02,Lower Shabelle,Alarm,0.783,2023
Qoryooley,05,Lower Shabelle,Normal,1.335,2023
Qoryooley,11,Lower Shabelle,Normal,1.395,2023
Qoryooley,07,Lower Shabelle,Alert,0.897,2023
Qoryooley,10,Lower Shabelle,Alarm,0.77,2023
Qoryooley,08,Lower Shabelle,Alarm,0.771,2023
Qoryooley,09,Lower Shabelle,Alert,0.88,2022
Qoryooley,10,Lower Shabelle,Alert,0.81,2022
Qoryooley,07,Lower Shabelle,Alarm,0.73,2022
Qoryooley,06,Lower Shabelle,Alarm,0.53,2022
Qoryooley,01,Lower Shabelle,Alarm,0.34,2022
Qoryooley,11,Lower Shabelle,Alert,0.879,2022
Qoryooley,02,Lower Shabelle,Alarm,0.39,2022
Qoryooley,03,Lower Shabelle,Alarm,0.39,2022
Qoryooley,08,Lower Shabelle,Alert,0.85,2022
Qoryooley,04,Lower Shabelle,Alarm,0.4,2022
Qoryooley,05,Lower Shabelle,Alarm,0.52,2022
Qoryooley,12,Lower Shabelle,Alert,0.95,2022
Qoryooley,12,Lower Shabelle,Alarm,0.37,2021
Qoryooley,01,Lower Shabelle,Normal,1.36,2021
Qoryooley,06,Lower Shabelle,Alarm,0.49,2021
Qoryooley,04,Lower Shabelle,Alarm,0.71,2021
Qoryooley,03,Lower Shabelle,Normal,1.27,2021
Qoryooley,10,Lower Shabelle,Alert,0.86,2021
Qoryooley,11,Lower Shabelle,Alarm,0.55,2021
Qoryooley,05,Lower Shabelle,Alarm,0.53,2021
Qoryooley,02,Lower Shabelle,Normal,1.45,2021
Qoryooley,09,Lower Shabelle,Alert,0.87,2021
Qoryooley,08,Lower Shabelle,Alert,0.83,2021
Qoryooley,07,Lower Shabelle,Alarm,0.68,2021
Qoryooley,04,Lower Shabelle,Normal,2.11,2020
Qoryooley,01,Lower Shabelle,Normal,2.32,2020
Qoryooley,08,Lower Shabelle,Normal,2.55,2020
Qoryooley,11,Lower Shabelle,Normal,2.03,2020
Qoryooley,06,Lower Shabelle,Normal,1.56,2020
Qoryooley,02,Lower Shabelle,Normal,2.56,2020
Qoryooley,07,Lower Shabelle,Normal,2.21,2020
Qoryooley,12,Lower Shabelle,Normal,1.91,2020
Qoryooley,05,Lower Shabelle,Normal,1.53,2020
Qoryooley,09,Lower Shabelle,Normal,2.03,2020
Qoryooley,03,Lower Shabelle,Normal,2.94,2020
Qoryooley,10,Lower Shabelle,Normal,2.06,2020
Qoryooley,10,Lower Shabelle,Normal,2.24,2019
Qoryooley,03,Lower Shabelle,Alarm,0.72,2019
Qoryooley,04,Lower Shabelle,Alarm,0.77,2019
Qoryooley,06,Lower Shabelle,Alert,0.97,2019
Qoryooley,12,Lower Shabelle,Normal,2.32,2019
Qoryooley,01,Lower Shabelle,Alarm,0.6,2019
Qoryooley,07,Lower Shabelle,Normal,1.08,2019
Qoryooley,05,Lower Shabelle,Normal,1.11,2019
Qoryooley,02,Lower Shabelle,Alarm,0.59,2019
Qoryooley,11,Lower Shabelle,Normal,2.12,2019
Qoryooley,09,Lower Shabelle,Normal,1.27,2019
Qoryooley,08,Lower Shabelle,Normal,1.2,2019
Qoryooley,11,Lower Shabelle,Alarm,0.38,2018
Qoryooley,12,Lower Shabelle,Alarm,0.51,2018
Sablaale,08,Lower Shabelle,Normal,1.041,2024
Sablaale,07,Lower Shabelle,Normal,1.041,2024
Sablaale,04,Lower Shabelle,Normal,2.072,2024
Sablaale,01,Lower Shabelle,Normal,2.267,2024
Sablaale,06,Lower Shabelle,Normal,1.321,2024
Sablaale,09,Lower Shabelle,Normal,1.27,2024
Sablaale,05,Lower Shabelle,Normal,1.419,2024
Sablaale,03,Lower Shabelle,Normal,2.442,2024
Sablaale,02,Lower Shabelle,Normal,2.374,2024
Sablaale,02,Lower Shabelle,Alert,0.806,2023
Sablaale,12,Lower Shabelle,Normal,1.845,2023
Sablaale,03,Lower Shabelle,Alert,0.826,2023
Sablaale,04,Lower Shabelle,Normal,1.525,2023
Sablaale,08,Lower Shabelle,Alert,0.849,2023
Sablaale,09,Lower Shabelle,Alert,0.919,2023
Sablaale,01,Lower Shabelle,Alarm,0.717,2023
Sablaale,06,Lower Shabelle,Normal,1.215,2023
Sablaale,10,Lower Shabelle,Alarm,0.73,2023
Sablaale,11,Lower Shabelle,Normal,1.3,2023
Sablaale,05,Lower Shabelle,Normal,1.451,2023
Sablaale,07,Lower Shabelle,Normal,1.015,2023
Sablaale,03,Lower Shabelle,Alarm,0.29,2022
Sablaale,10,Lower Shabelle,Normal,1.13,2022
Sablaale,06,Lower Shabelle,Alert,0.84,2022
Sablaale,11,Lower Shabelle,Alarm,0.767,2022
Sablaale,09,Lower Shabelle,Normal,1.09,2022
Sablaale,02,Lower Shabelle,Alarm,0.32,2022
Sablaale,05,Lower Shabelle,Alarm,0.69,2022
Sablaale,08,Lower Shabelle,Normal,1.02,2022
Sablaale,12,Lower Shabelle,Alarm,0.721,2022
Sablaale,04,Lower Shabelle,Alarm,0.36,2022
Sablaale,07,Lower Shabelle,Normal,1.09,2022
Sablaale,01,Lower Shabelle,Alarm,0.32,2022
Sablaale,10,Lower Shabelle,Alert,0.84,2021
Sablaale,11,Lower Shabelle,Alarm,0.58,2021
Sablaale,01,Lower Shabelle,Normal,1.41,2021
Sablaale,03,Lower Shabelle,Normal,1.37,2021
Sablaale,05,Lower Shabelle,Alarm,0.67,2021
Sablaale,12,Lower Shabelle,Alarm,0.37,2021
Sablaale,09,Lower Shabelle,Alert,0.97,2021
Sablaale,08,Lower Shabelle,Alert,0.95,2021
Sablaale,07,Lower Shabelle,Alert,0.97,2021
Sablaale,06,Lower Shabelle,Alert,0.82,2021
Sablaale,04,Lower Shabelle,Alert,0.84,2021
Sablaale,02,Lower Shabelle,Normal,1.52,2021
Sablaale,06,Lower Shabelle,Normal,2.07,2020
Sablaale,08,Lower Shabelle,Normal,2.51,2020
Sablaale,10,Lower Shabelle,Normal,2.14,2020
Sablaale,05,Lower Shabelle,Normal,1.95,2020
Sablaale,01,Lower Shabelle,Normal,2.65,2020
Sablaale,12,Lower Shabelle,Normal,1.75,2020
Sablaale,04,Lower Shabelle,Normal,1.95,2020
Sablaale,03,Lower Shabelle,Normal,3.19,2020
Sablaale,09,Lower Shabelle,Normal,1.83,2020
Sablaale,02,Lower Shabelle,Normal,2.58,2020
Sablaale,11,Lower Shabelle,Normal,2.11,2020
Sablaale,07,Lower Shabelle,Normal,2.54,2020
Sablaale,12,Lower Shabelle,Normal,2.39,2019
Sablaale,05,Lower Shabelle,Normal,1.36,2019
Sablaale,07,Lower Shabelle,Normal,1.26,2019
Sablaale,09,Lower Shabelle,Normal,1.45,2019
Sablaale,02,Lower Shabelle,Alarm,0.52,2019
Sablaale,08,Lower Shabelle,Normal,1.3,2019
Sablaale,03,Lower Shabelle,Alarm,0.66,2019
Sablaale,11,Lower Shabelle,Normal,2.29,2019
Sablaale,10,Lower Shabelle,Normal,2.65,2019
Sablaale,01,Lower Shabelle,Alarm,0.53,2019
Sablaale,06,Lower Shabelle,Normal,1.24,2019
Sablaale,04,Lower Shabelle,Alert,0.84,2019
Sablaale,11,Lower Shabelle,Alarm,0.37,2018
Sablaale,12,Lower Shabelle,Alarm,0.47,2018
Wanla Weyn,08,Lower Shabelle,Normal,1.489,2024
Wanla Weyn,04,Lower Shabelle,Normal,1.979,2024
Wanla Weyn,09,Lower Shabelle,Normal,1.471,2024
Wanla Weyn,05,Lower Shabelle,Normal,1.469,2024
Wanla Weyn,03,Lower Shabelle,Normal,2.516,2024
Wanla Weyn,07,Lower Shabelle,Normal,1.489,2024
Wanla Weyn,06,Lower Shabelle,Normal,1.329,2024
Wanla Weyn,01,Lower Shabelle,Normal,2.691,2024
Wanla Weyn,02,Lower Shabelle,Normal,2.544,2024
Wanla Weyn,02,Lower Shabelle,Alarm,0.626,2023
Wanla Weyn,04,Lower Shabelle,Normal,1.286,2023
Wanla Weyn,05,Lower Shabelle,Normal,1.257,2023
Wanla Weyn,03,Lower Shabelle,Alarm,0.672,2023
Wanla Weyn,08,Lower Shabelle,Alert,0.89,2023
Wanla Weyn,01,Lower Shabelle,Alarm,0.685,2023
Wanla Weyn,10,Lower Shabelle,Normal,1.0,2023
Wanla Weyn,11,Lower Shabelle,Normal,1.707,2023
Wanla Weyn,07,Lower Shabelle,Normal,1.009,2023
Wanla Weyn,06,Lower Shabelle,Normal,1.203,2023
Wanla Weyn,09,Lower Shabelle,Alert,0.9,2023
Wanla Weyn,12,Lower Shabelle,Normal,2.276,2023
Wanla Weyn,01,Lower Shabelle,Alarm,0.26,2022
Wanla Weyn,02,Lower Shabelle,Alarm,0.35,2022
Wanla Weyn,06,Lower Shabelle,Alarm,0.55,2022
Wanla Weyn,10,Lower Shabelle,Alarm,0.56,2022
Wanla Weyn,04,Lower Shabelle,Alarm,0.48,2022
Wanla Weyn,07,Lower Shabelle,Alarm,0.72,2022
Wanla Weyn,08,Lower Shabelle,Alert,0.81,2022
Wanla Weyn,03,Lower Shabelle,Alarm,0.36,2022
Wanla Weyn,12,Lower Shabelle,Alarm,0.782,2022
Wanla Weyn,11,Lower Shabelle,Alarm,0.772,2022
Wanla Weyn,05,Lower Shabelle,Alarm,0.59,2022
Wanla Weyn,09,Lower Shabelle,Alarm,0.77,2022
Wanla Weyn,12,Lower Shabelle,Alarm,0.34,2021
Wanla Weyn,07,Lower Shabelle,Alarm,0.6,2021
Wanla Weyn,11,Lower Shabelle,Alarm,0.4,2021
Wanla Weyn,03,Lower Shabelle,Normal,1.33,2021
Wanla Weyn,06,Lower Shabelle,Alarm,0.4,2021
Wanla Weyn,02,Lower Shabelle,Normal,1.49,2021
Wanla Weyn,08,Lower Shabelle,Alarm,0.72,2021
Wanla Weyn,04,Lower Shabelle,Alarm,0.64,2021
Wanla Weyn,09,Lower Shabelle,Alarm,0.69,2021
Wanla Weyn,05,Lower Shabelle,Alarm,0.47,2021
Wanla Weyn,10,Lower Shabelle,Alarm,0.52,2021
Wanla Weyn,01,Lower Shabelle,Normal,1.35,2021
Wanla Weyn,06,Lower Shabelle,Normal,1.42,2020
Wanla Weyn,01,Lower Shabelle,Normal,1.88,2020
Wanla Weyn,12,Lower Shabelle,Normal,1.55,2020
Wanla Weyn,08,Lower Shabelle,Normal,2.07,2020
Wanla Weyn,10,Lower Shabelle,Normal,1.69,2020
Wanla Weyn,11,Lower Shabelle,Normal,1.55,2020
Wanla Weyn,03,Lower Shabelle,Normal,2.35,2020
Wanla Weyn,02,Lower Shabelle,Normal,1.56,2020
Wanla Weyn,05,Lower Shabelle,Normal,1.4,2020
Wanla Weyn,07,Lower Shabelle,Normal,2.02,2020
Wanla Weyn,09,Lower Shabelle,Normal,1.59,2020
Wanla Weyn,04,Lower Shabelle,Normal,1.78,2020
Wanla Weyn,10,Lower Shabelle,Normal,2.11,2019
Wanla Weyn,12,Lower Shabelle,Normal,2.0,2019
Wanla Weyn,03,Lower Shabelle,Alert,0.82,2019
Wanla Weyn,04,Lower Shabelle,Alarm,0.67,2019
Wanla Weyn,01,Lower Shabelle,Alert,0.94,2019
Wanla Weyn,07,Lower Shabelle,Normal,1.28,2019
Wanla Weyn,02,Lower Shabelle,Alert,0.86,2019
Wanla Weyn,06,Lower Shabelle,Normal,1.0,2019
Wanla Weyn,09,Lower Shabelle,Normal,1.17,2019
Wanla Weyn,11,Lower Shabelle,Normal,1.95,2019
Wanla Weyn,05,Lower Shabelle,Normal,1.0,2019
Wanla Weyn,08,Lower Shabelle,Normal,1.36,2019
Wanla Weyn,12,Lower Shabelle,Alarm,0.72,2018
Wanla Weyn,11,Lower Shabelle,Alarm,0.48,2018
