region,district,value,month,indicator
Lower Shabelle,Marka,0.85,2015-01-01,cdi
Lower Shabelle,Afgooye,0.89,2015-01-01,cdi
Lower Shabelle,Baraawe,0.89,2015-01-01,cdi
Lower Shabelle,Kurtunwaarey,0.9,2015-01-01,cdi
Lower Shabelle,Qoryooley,0.91,2015-01-01,cdi
Lower Shabelle,Sablaale,0.87,2015-01-01,cdi
Lower Shabelle,Wanla Weyn,0.98,2015-01-01,cdi
Bay,Baydhaba,0.97,2015-01-01,cdi
Bay,Buur Hakaba,0.93,2015-01-01,cdi
Bay,Diinsoor,0.91,2015-01-01,cdi
Bay,Qansax Dheere,0.92,2015-01-01,cdi
Bakool,Xudur,0.64,2015-01-01,cdi
Bakool,Ceel Barde,1.1,2015-01-01,cdi
Bakool,Tayeeglow,0.97,2015-01-01,cdi
Bakool,Waajid,0.81,2015-01-01,cdi
Bakool,Rab Dhuure,0.74,2015-01-01,cdi
Lower Shabelle,Marka,0.55,2015-02-01,cdi
Lower Shabelle,Afgooye,0.53,2015-02-01,cdi
Lower Shabelle,Baraawe,0.53,2015-02-01,cdi
Lower Shabelle,Kurtunwaarey,0.56,2015-02-01,cdi
Lower Shabelle,Qoryooley,0.56,2015-02-01,cdi
Lower Shabelle,Sablaale,0.51,2015-02-01,cdi
Lower Shabelle,Wanla Weyn,0.73,2015-02-01,cdi
Bay,Baydhaba,0.66,2015-02-01,cdi
Bay,Buur Hakaba,0.61,2015-02-01,cdi
Bay,Diinsoor,0.57,2015-02-01,cdi
Bay,Qansax Dheere,0.61,2015-02-01,cdi
Bakool,Xudur,0.78,2015-02-01,cdi
Bakool,Ceel Barde,1.09,2015-02-01,cdi
Bakool,Tayeeglow,0.69,2015-02-01,cdi
Bakool,Waajid,0.79,2015-02-01,cdi
Bakool,Rab Dhuure,0.91,2015-02-01,cdi
Lower Shabelle,Marka,0.58,2015-03-01,cdi
Lower Shabelle,Afgooye,0.51,2015-03-01,cdi
Lower Shabelle,Baraawe,0.54,2015-03-01,cdi
Lower Shabelle,Kurtunwaarey,0.57,2015-03-01,cdi
Lower Shabelle,Qoryooley,0.56,2015-03-01,cdi
Lower Shabelle,Sablaale,0.55,2015-03-01,cdi
Lower Shabelle,Wanla Weyn,0.71,2015-03-01,cdi
Bay,Baydhaba,0.63,2015-03-01,cdi
Bay,Buur Hakaba,0.62,2015-03-01,cdi
Bay,Diinsoor,0.58,2015-03-01,cdi
Bay,Qansax Dheere,0.62,2015-03-01,cdi
Bakool,Xudur,1.0,2015-03-01,cdi
Bakool,Ceel Barde,1.23,2015-03-01,cdi
Bakool,Tayeeglow,0.74,2015-03-01,cdi
Bakool,Waajid,0.75,2015-03-01,cdi
Bakool,Rab Dhuure,1.09,2015-03-01,cdi
Lower Shabelle,Marka,1.11,2015-04-01,cdi
Lower Shabelle,Afgooye,1.07,2015-04-01,cdi
Lower Shabelle,Baraawe,1.13,2015-04-01,cdi
Lower Shabelle,Kurtunwaarey,1.17,2015-04-01,cdi
Lower Shabelle,Qoryooley,1.2,2015-04-01,cdi
Lower Shabelle,Sablaale,1.22,2015-04-01,cdi
Lower Shabelle,Wanla Weyn,1.19,2015-04-01,cdi
Bay,Baydhaba,1.31,2015-04-01,cdi
Bay,Buur Hakaba,1.26,2015-04-01,cdi
Bay,Diinsoor,1.2,2015-04-01,cdi
Bay,Qansax Dheere,1.22,2015-04-01,cdi
Bakool,Xudur,1.6,2015-04-01,cdi
Bakool,Ceel Barde,1.59,2015-04-01,cdi
Bakool,Tayeeglow,1.43,2015-04-01,cdi
Bakool,Waajid,1.3,2015-04-01,cdi
Bakool,Rab Dhuure,1.32,2015-04-01,cdi
Lower Shabelle,Marka,1.01,2015-05-01,cdi
Lower Shabelle,Afgooye,1.11,2015-05-01,cdi
Lower Shabelle,Baraawe,1.04,2015-05-01,cdi
Lower Shabelle,Kurtunwaarey,1.23,2015-05-01,cdi
Lower Shabelle,Qoryooley,1.23,2015-05-01,cdi
Lower Shabelle,Sablaale,1.26,2015-05-01,cdi
Lower Shabelle,Wanla Weyn,1.25,2015-05-01,cdi
Bay,Baydhaba,1.42,2015-05-01,cdi
Bay,Buur Hakaba,1.34,2015-05-01,cdi
Bay,Diinsoor,1.32,2015-05-01,cdi
Bay,Qansax Dheere,1.37,2015-05-01,cdi
Bakool,Xudur,1.55,2015-05-01,cdi
Bakool,Ceel Barde,1.44,2015-05-01,cdi
Bakool,Tayeeglow,1.48,2015-05-01,cdi
Bakool,Waajid,1.47,2015-05-01,cdi
Bakool,Rab Dhuure,1.31,2015-05-01,cdi
Lower Shabelle,Marka,0.81,2015-06-01,cdi
Lower Shabelle,Afgooye,0.93,2015-06-01,cdi
Lower Shabelle,Baraawe,0.89,2015-06-01,cdi
Lower Shabelle,Kurtunwaarey,1.0,2015-06-01,cdi
Lower Shabelle,Qoryooley,1.0,2015-06-01,cdi
Lower Shabelle,Sablaale,1.08,2015-06-01,cdi
Lower Shabelle,Wanla Weyn,1.09,2015-06-01,cdi
Bay,Baydhaba,1.46,2015-06-01,cdi
Bay,Buur Hakaba,1.17,2015-06-01,cdi
Bay,Diinsoor,1.34,2015-06-01,cdi
Bay,Qansax Dheere,1.42,2015-06-01,cdi
Bakool,Xudur,1.49,2015-06-01,cdi
Bakool,Ceel Barde,1.37,2015-06-01,cdi
Bakool,Tayeeglow,1.45,2015-06-01,cdi
Bakool,Waajid,1.23,2015-06-01,cdi
Bakool,Rab Dhuure,1.25,2015-06-01,cdi
Lower Shabelle,Marka,0.59,2015-07-01,cdi
Lower Shabelle,Afgooye,0.63,2015-07-01,cdi
Lower Shabelle,Baraawe,0.65,2015-07-01,cdi
Lower Shabelle,Kurtunwaarey,0.69,2015-07-01,cdi
Lower Shabelle,Qoryooley,0.68,2015-07-01,cdi
Lower Shabelle,Sablaale,0.78,2015-07-01,cdi
Lower Shabelle,Wanla Weyn,0.77,2015-07-01,cdi
Bay,Baydhaba,1.35,2015-07-01,cdi
Bay,Buur Hakaba,0.83,2015-07-01,cdi
Bay,Diinsoor,1.26,2015-07-01,cdi
Bay,Qansax Dheere,1.38,2015-07-01,cdi
Bakool,Xudur,1.38,2015-07-01,cdi
Bakool,Ceel Barde,1.3,2015-07-01,cdi
Bakool,Tayeeglow,1.31,2015-07-01,cdi
Bakool,Waajid,0.9,2015-07-01,cdi
Bakool,Rab Dhuure,1.21,2015-07-01,cdi
Lower Shabelle,Marka,0.59,2015-08-01,cdi
Lower Shabelle,Afgooye,0.64,2015-08-01,cdi
Lower Shabelle,Baraawe,0.62,2015-08-01,cdi
Lower Shabelle,Kurtunwaarey,0.69,2015-08-01,cdi
Lower Shabelle,Qoryooley,0.73,2015-08-01,cdi
Lower Shabelle,Sablaale,0.71,2015-08-01,cdi
Lower Shabelle,Wanla Weyn,0.7,2015-08-01,cdi
Bay,Baydhaba,1.12,2015-08-01,cdi
Bay,Buur Hakaba,0.76,2015-08-01,cdi
Bay,Diinsoor,1.12,2015-08-01,cdi
Bay,Qansax Dheere,1.06,2015-08-01,cdi
Bakool,Xudur,0.98,2015-08-01,cdi
Bakool,Ceel Barde,1.0,2015-08-01,cdi
Bakool,Tayeeglow,1.08,2015-08-01,cdi
Bakool,Waajid,0.77,2015-08-01,cdi
Bakool,Rab Dhuure,0.91,2015-08-01,cdi
Lower Shabelle,Marka,0.66,2015-09-01,cdi
Lower Shabelle,Afgooye,0.65,2015-09-01,cdi
Lower Shabelle,Baraawe,0.66,2015-09-01,cdi
Lower Shabelle,Kurtunwaarey,0.74,2015-09-01,cdi
Lower Shabelle,Qoryooley,0.79,2015-09-01,cdi
Lower Shabelle,Sablaale,0.77,2015-09-01,cdi
Lower Shabelle,Wanla Weyn,0.78,2015-09-01,cdi
Bay,Baydhaba,0.93,2015-09-01,cdi
Bay,Buur Hakaba,0.84,2015-09-01,cdi
Bay,Diinsoor,0.91,2015-09-01,cdi
Bay,Qansax Dheere,0.81,2015-09-01,cdi
Bakool,Xudur,1.0,2015-09-01,cdi
Bakool,Ceel Barde,1.04,2015-09-01,cdi
Bakool,Tayeeglow,1.16,2015-09-01,cdi
Bakool,Waajid,0.74,2015-09-01,cdi
Bakool,Rab Dhuure,0.64,2015-09-01,cdi
Lower Shabelle,Marka,0.75,2015-10-01,cdi
Lower Shabelle,Afgooye,0.8,2015-10-01,cdi
Lower Shabelle,Baraawe,0.54,2015-10-01,cdi
Lower Shabelle,Kurtunwaarey,0.65,2015-10-01,cdi
Lower Shabelle,Qoryooley,0.85,2015-10-01,cdi
Lower Shabelle,Sablaale,0.64,2015-10-01,cdi
Lower Shabelle,Wanla Weyn,1.05,2015-10-01,cdi
Bay,Baydhaba,1.03,2015-10-01,cdi
Bay,Buur Hakaba,0.95,2015-10-01,cdi
Bay,Diinsoor,1.0,2015-10-01,cdi
Bay,Qansax Dheere,1.04,2015-10-01,cdi
Bakool,Xudur,1.1,2015-10-01,cdi
Bakool,Ceel Barde,1.23,2015-10-01,cdi
Bakool,Tayeeglow,1.31,2015-10-01,cdi
Bakool,Waajid,0.9,2015-10-01,cdi
Bakool,Rab Dhuure,0.81,2015-10-01,cdi
Lower Shabelle,Marka,0.91,2015-11-01,cdi
Lower Shabelle,Afgooye,1.05,2015-11-01,cdi
Lower Shabelle,Baraawe,0.75,2015-11-01,cdi
Lower Shabelle,Kurtunwaarey,0.91,2015-11-01,cdi
Lower Shabelle,Qoryooley,1.1,2015-11-01,cdi
Lower Shabelle,Sablaale,0.95,2015-11-01,cdi
Lower Shabelle,Wanla Weyn,1.42,2015-11-01,cdi
Bay,Baydhaba,1.28,2015-11-01,cdi
Bay,Buur Hakaba,1.27,2015-11-01,cdi
Bay,Diinsoor,1.18,2015-11-01,cdi
Bay,Qansax Dheere,1.29,2015-11-01,cdi
Bakool,Xudur,1.52,2015-11-01,cdi
Bakool,Ceel Barde,1.61,2015-11-01,cdi
Bakool,Tayeeglow,1.63,2015-11-01,cdi
Bakool,Waajid,1.17,2015-11-01,cdi
Bakool,Rab Dhuure,1.1,2015-11-01,cdi
Lower Shabelle,Marka,0.84,2015-12-01,cdi
Lower Shabelle,Afgooye,1.12,2015-12-01,cdi
Lower Shabelle,Baraawe,0.85,2015-12-01,cdi
Lower Shabelle,Kurtunwaarey,1.0,2015-12-01,cdi
Lower Shabelle,Qoryooley,1.1,2015-12-01,cdi
Lower Shabelle,Sablaale,1.05,2015-12-01,cdi
Lower Shabelle,Wanla Weyn,1.47,2015-12-01,cdi
Bay,Baydhaba,1.31,2015-12-01,cdi
Bay,Buur Hakaba,1.25,2015-12-01,cdi
Bay,Diinsoor,1.15,2015-12-01,cdi
Bay,Qansax Dheere,1.27,2015-12-01,cdi
Bakool,Xudur,1.44,2015-12-01,cdi
Bakool,Ceel Barde,1.47,2015-12-01,cdi
Bakool,Tayeeglow,1.49,2015-12-01,cdi
Bakool,Waajid,1.23,2015-12-01,cdi
Bakool,Rab Dhuure,1.13,2015-12-01,cdi
Lower Shabelle,Marka,0.79,2016-01-01,cdi
Lower Shabelle,Afgooye,1.11,2016-01-01,cdi
Lower Shabelle,Baraawe,0.83,2016-01-01,cdi
Lower Shabelle,Kurtunwaarey,0.97,2016-01-01,cdi
Lower Shabelle,Qoryooley,1.06,2016-01-01,cdi
Lower Shabelle,Sablaale,0.97,2016-01-01,cdi
Lower Shabelle,Wanla Weyn,1.45,2016-01-01,cdi
Bay,Baydhaba,1.25,2016-01-01,cdi
Bay,Buur Hakaba,1.21,2016-01-01,cdi
Bay,Diinsoor,1.07,2016-01-01,cdi
Bay,Qansax Dheere,1.16,2016-01-01,cdi
Bakool,Xudur,1.41,2016-01-01,cdi
Bakool,Ceel Barde,1.46,2016-01-01,cdi
Bakool,Tayeeglow,1.49,2016-01-01,cdi
Bakool,Waajid,1.22,2016-01-01,cdi
Bakool,Rab Dhuure,1.09,2016-01-01,cdi
Lower Shabelle,Marka,1.09,2016-02-01,cdi
Lower Shabelle,Afgooye,1.27,2016-02-01,cdi
Lower Shabelle,Baraawe,0.9,2016-02-01,cdi
Lower Shabelle,Kurtunwaarey,1.07,2016-02-01,cdi
Lower Shabelle,Qoryooley,1.21,2016-02-01,cdi
Lower Shabelle,Sablaale,1.03,2016-02-01,cdi
Lower Shabelle,Wanla Weyn,1.68,2016-02-01,cdi
Bay,Baydhaba,1.38,2016-02-01,cdi
Bay,Buur Hakaba,1.37,2016-02-01,cdi
Bay,Diinsoor,1.18,2016-02-01,cdi
Bay,Qansax Dheere,1.31,2016-02-01,cdi
Bakool,Xudur,1.21,2016-02-01,cdi
Bakool,Ceel Barde,1.3,2016-02-01,cdi
Bakool,Tayeeglow,1.36,2016-02-01,cdi
Bakool,Waajid,1.06,2016-02-01,cdi
Bakool,Rab Dhuure,0.92,2016-02-01,cdi
Lower Shabelle,Marka,1.24,2016-03-01,cdi
Lower Shabelle,Afgooye,1.47,2016-03-01,cdi
Lower Shabelle,Baraawe,1.08,2016-03-01,cdi
Lower Shabelle,Kurtunwaarey,1.2,2016-03-01,cdi
Lower Shabelle,Qoryooley,1.42,2016-03-01,cdi
Lower Shabelle,Sablaale,1.16,2016-03-01,cdi
Lower Shabelle,Wanla Weyn,1.88,2016-03-01,cdi
Bay,Baydhaba,1.57,2016-03-01,cdi
Bay,Buur Hakaba,1.58,2016-03-01,cdi
Bay,Diinsoor,1.38,2016-03-01,cdi
Bay,Qansax Dheere,1.51,2016-03-01,cdi
Bakool,Xudur,1.13,2016-03-01,cdi
Bakool,Ceel Barde,1.23,2016-03-01,cdi
Bakool,Tayeeglow,1.36,2016-03-01,cdi
Bakool,Waajid,1.01,2016-03-01,cdi
Bakool,Rab Dhuure,0.9,2016-03-01,cdi
Lower Shabelle,Marka,0.86,2016-04-01,cdi
Lower Shabelle,Afgooye,0.89,2016-04-01,cdi
Lower Shabelle,Baraawe,0.88,2016-04-01,cdi
Lower Shabelle,Kurtunwaarey,0.88,2016-04-01,cdi
Lower Shabelle,Qoryooley,0.94,2016-04-01,cdi
Lower Shabelle,Sablaale,0.91,2016-04-01,cdi
Lower Shabelle,Wanla Weyn,1.05,2016-04-01,cdi
Bay,Baydhaba,1.2,2016-04-01,cdi
Bay,Buur Hakaba,1.0,2016-04-01,cdi
Bay,Diinsoor,0.9,2016-04-01,cdi
Bay,Qansax Dheere,1.16,2016-04-01,cdi
Bakool,Xudur,0.75,2016-04-01,cdi
Bakool,Ceel Barde,0.76,2016-04-01,cdi
Bakool,Tayeeglow,0.82,2016-04-01,cdi
Bakool,Waajid,1.02,2016-04-01,cdi
Bakool,Rab Dhuure,0.92,2016-04-01,cdi
Lower Shabelle,Marka,0.85,2016-05-01,cdi
Lower Shabelle,Afgooye,0.56,2016-05-01,cdi
Lower Shabelle,Baraawe,0.55,2016-05-01,cdi
Lower Shabelle,Kurtunwaarey,0.54,2016-05-01,cdi
Lower Shabelle,Qoryooley,0.53,2016-05-01,cdi
Lower Shabelle,Sablaale,0.53,2016-05-01,cdi
Lower Shabelle,Wanla Weyn,0.74,2016-05-01,cdi
Bay,Baydhaba,0.96,2016-05-01,cdi
Bay,Buur Hakaba,0.57,2016-05-01,cdi
Bay,Diinsoor,0.51,2016-05-01,cdi
Bay,Qansax Dheere,0.94,2016-05-01,cdi
Bakool,Xudur,0.51,2016-05-01,cdi
Bakool,Ceel Barde,0.52,2016-05-01,cdi
Bakool,Tayeeglow,0.46,2016-05-01,cdi
Bakool,Waajid,1.0,2016-05-01,cdi
Bakool,Rab Dhuure,0.96,2016-05-01,cdi
Lower Shabelle,Marka,1.05,2016-06-01,cdi
Lower Shabelle,Afgooye,0.75,2016-06-01,cdi
Lower Shabelle,Baraawe,0.53,2016-06-01,cdi
Lower Shabelle,Kurtunwaarey,0.56,2016-06-01,cdi
Lower Shabelle,Qoryooley,0.77,2016-06-01,cdi
Lower Shabelle,Sablaale,0.52,2016-06-01,cdi
Lower Shabelle,Wanla Weyn,0.89,2016-06-01,cdi
Bay,Baydhaba,0.88,2016-06-01,cdi
Bay,Buur Hakaba,0.78,2016-06-01,cdi
Bay,Diinsoor,0.52,2016-06-01,cdi
Bay,Qansax Dheere,0.85,2016-06-01,cdi
Bakool,Xudur,0.55,2016-06-01,cdi
Bakool,Ceel Barde,0.55,2016-06-01,cdi
Bakool,Tayeeglow,0.46,2016-06-01,cdi
Bakool,Waajid,0.91,2016-06-01,cdi
Bakool,Rab Dhuure,0.87,2016-06-01,cdi
Lower Shabelle,Marka,0.95,2016-07-01,cdi
Lower Shabelle,Afgooye,0.92,2016-07-01,cdi
Lower Shabelle,Baraawe,0.51,2016-07-01,cdi
Lower Shabelle,Kurtunwaarey,0.54,2016-07-01,cdi
Lower Shabelle,Qoryooley,0.93,2016-07-01,cdi
Lower Shabelle,Sablaale,0.51,2016-07-01,cdi
Lower Shabelle,Wanla Weyn,0.8,2016-07-01,cdi
Bay,Baydhaba,0.72,2016-07-01,cdi
Bay,Buur Hakaba,0.89,2016-07-01,cdi
Bay,Diinsoor,0.51,2016-07-01,cdi
Bay,Qansax Dheere,0.68,2016-07-01,cdi
Bakool,Xudur,0.53,2016-07-01,cdi
Bakool,Ceel Barde,0.55,2016-07-01,cdi
Bakool,Tayeeglow,0.5,2016-07-01,cdi
Bakool,Waajid,0.77,2016-07-01,cdi
Bakool,Rab Dhuure,0.73,2016-07-01,cdi
Lower Shabelle,Marka,0.7,2016-08-01,cdi
Lower Shabelle,Afgooye,0.78,2016-08-01,cdi
Lower Shabelle,Baraawe,0.46,2016-08-01,cdi
Lower Shabelle,Kurtunwaarey,0.5,2016-08-01,cdi
Lower Shabelle,Qoryooley,0.77,2016-08-01,cdi
Lower Shabelle,Sablaale,0.47,2016-08-01,cdi
Lower Shabelle,Wanla Weyn,0.64,2016-08-01,cdi
Bay,Baydhaba,0.65,2016-08-01,cdi
Bay,Buur Hakaba,0.69,2016-08-01,cdi
Bay,Diinsoor,0.5,2016-08-01,cdi
Bay,Qansax Dheere,0.64,2016-08-01,cdi
Bakool,Xudur,0.49,2016-08-01,cdi
Bakool,Ceel Barde,0.52,2016-08-01,cdi
Bakool,Tayeeglow,0.52,2016-08-01,cdi
Bakool,Waajid,0.68,2016-08-01,cdi
Bakool,Rab Dhuure,0.66,2016-08-01,cdi
Lower Shabelle,Marka,0.55,2016-09-01,cdi
Lower Shabelle,Afgooye,0.63,2016-09-01,cdi
Lower Shabelle,Baraawe,0.45,2016-09-01,cdi
Lower Shabelle,Kurtunwaarey,0.49,2016-09-01,cdi
Lower Shabelle,Qoryooley,0.58,2016-09-01,cdi
Lower Shabelle,Sablaale,0.46,2016-09-01,cdi
Lower Shabelle,Wanla Weyn,0.6,2016-09-01,cdi
Bay,Baydhaba,0.66,2016-09-01,cdi
Bay,Buur Hakaba,0.52,2016-09-01,cdi
Bay,Diinsoor,0.5,2016-09-01,cdi
Bay,Qansax Dheere,0.6,2016-09-01,cdi
Bakool,Xudur,0.48,2016-09-01,cdi
Bakool,Ceel Barde,0.52,2016-09-01,cdi
Bakool,Tayeeglow,0.52,2016-09-01,cdi
Bakool,Waajid,0.65,2016-09-01,cdi
Bakool,Rab Dhuure,0.64,2016-09-01,cdi
Lower Shabelle,Marka,0.48,2016-10-01,cdi
Lower Shabelle,Afgooye,0.47,2016-10-01,cdi
Lower Shabelle,Baraawe,0.29,2016-10-01,cdi
Lower Shabelle,Kurtunwaarey,0.32,2016-10-01,cdi
Lower Shabelle,Qoryooley,0.35,2016-10-01,cdi
Lower Shabelle,Sablaale,0.28,2016-10-01,cdi
Lower Shabelle,Wanla Weyn,0.38,2016-10-01,cdi
Bay,Baydhaba,0.4,2016-10-01,cdi
Bay,Buur Hakaba,0.3,2016-10-01,cdi
Bay,Diinsoor,0.28,2016-10-01,cdi
Bay,Qansax Dheere,0.24,2016-10-01,cdi
Bakool,Xudur,0.38,2016-10-01,cdi
Bakool,Ceel Barde,0.41,2016-10-01,cdi
Bakool,Tayeeglow,0.4,2016-10-01,cdi
Bakool,Waajid,0.43,2016-10-01,cdi
Bakool,Rab Dhuure,0.44,2016-10-01,cdi
Lower Shabelle,Marka,0.49,2016-11-01,cdi
Lower Shabelle,Afgooye,0.35,2016-11-01,cdi
Lower Shabelle,Baraawe,0.45,2016-11-01,cdi
Lower Shabelle,Kurtunwaarey,0.34,2016-11-01,cdi
Lower Shabelle,Qoryooley,0.34,2016-11-01,cdi
Lower Shabelle,Sablaale,0.34,2016-11-01,cdi
Lower Shabelle,Wanla Weyn,0.29,2016-11-01,cdi
Bay,Baydhaba,0.34,2016-11-01,cdi
Bay,Buur Hakaba,0.3,2016-11-01,cdi
Bay,Diinsoor,0.33,2016-11-01,cdi
Bay,Qansax Dheere,0.29,2016-11-01,cdi
Bakool,Xudur,0.32,2016-11-01,cdi
Bakool,Ceel Barde,0.29,2016-11-01,cdi
Bakool,Tayeeglow,0.3,2016-11-01,cdi
Bakool,Waajid,0.34,2016-11-01,cdi
Bakool,Rab Dhuure,0.35,2016-11-01,cdi
Lower Shabelle,Marka,0.44,2016-12-01,cdi
Lower Shabelle,Afgooye,0.25,2016-12-01,cdi
Lower Shabelle,Baraawe,0.59,2016-12-01,cdi
Lower Shabelle,Kurtunwaarey,0.31,2016-12-01,cdi
Lower Shabelle,Qoryooley,0.28,2016-12-01,cdi
Lower Shabelle,Sablaale,0.44,2016-12-01,cdi
Lower Shabelle,Wanla Weyn,0.27,2016-12-01,cdi
Bay,Baydhaba,0.26,2016-12-01,cdi
Bay,Buur Hakaba,0.27,2016-12-01,cdi
Bay,Diinsoor,0.33,2016-12-01,cdi
Bay,Qansax Dheere,0.29,2016-12-01,cdi
Bakool,Xudur,0.27,2016-12-01,cdi
Bakool,Ceel Barde,0.23,2016-12-01,cdi
Bakool,Tayeeglow,0.23,2016-12-01,cdi
Bakool,Waajid,0.29,2016-12-01,cdi
Bakool,Rab Dhuure,0.37,2016-12-01,cdi
Lower Shabelle,Marka,0.48,2017-01-01,cdi
Lower Shabelle,Afgooye,0.27,2017-01-01,cdi
Lower Shabelle,Baraawe,0.71,2017-01-01,cdi
Lower Shabelle,Kurtunwaarey,0.35,2017-01-01,cdi
Lower Shabelle,Qoryooley,0.31,2017-01-01,cdi
Lower Shabelle,Sablaale,0.57,2017-01-01,cdi
Lower Shabelle,Wanla Weyn,0.29,2017-01-01,cdi
Bay,Baydhaba,0.27,2017-01-01,cdi
Bay,Buur Hakaba,0.28,2017-01-01,cdi
Bay,Diinsoor,0.36,2017-01-01,cdi
Bay,Qansax Dheere,0.3,2017-01-01,cdi
Bakool,Xudur,0.28,2017-01-01,cdi
Bakool,Ceel Barde,0.24,2017-01-01,cdi
Bakool,Tayeeglow,0.24,2017-01-01,cdi
Bakool,Waajid,0.31,2017-01-01,cdi
Bakool,Rab Dhuure,0.45,2017-01-01,cdi
Lower Shabelle,Marka,0.5,2017-02-01,cdi
Lower Shabelle,Afgooye,0.38,2017-02-01,cdi
Lower Shabelle,Baraawe,0.78,2017-02-01,cdi
Lower Shabelle,Kurtunwaarey,0.42,2017-02-01,cdi
Lower Shabelle,Qoryooley,0.35,2017-02-01,cdi
Lower Shabelle,Sablaale,0.62,2017-02-01,cdi
Lower Shabelle,Wanla Weyn,0.39,2017-02-01,cdi
Bay,Baydhaba,0.29,2017-02-01,cdi
Bay,Buur Hakaba,0.32,2017-02-01,cdi
Bay,Diinsoor,0.39,2017-02-01,cdi
Bay,Qansax Dheere,0.33,2017-02-01,cdi
Bakool,Xudur,0.31,2017-02-01,cdi
Bakool,Ceel Barde,0.27,2017-02-01,cdi
Bakool,Tayeeglow,0.27,2017-02-01,cdi
Bakool,Waajid,0.4,2017-02-01,cdi
Bakool,Rab Dhuure,0.44,2017-02-01,cdi
Lower Shabelle,Marka,0.44,2017-03-01,cdi
Lower Shabelle,Afgooye,0.43,2017-03-01,cdi
Lower Shabelle,Baraawe,0.65,2017-03-01,cdi
Lower Shabelle,Kurtunwaarey,0.42,2017-03-01,cdi
Lower Shabelle,Qoryooley,0.34,2017-03-01,cdi
Lower Shabelle,Sablaale,0.54,2017-03-01,cdi
Lower Shabelle,Wanla Weyn,0.39,2017-03-01,cdi
Bay,Baydhaba,0.31,2017-03-01,cdi
Bay,Buur Hakaba,0.32,2017-03-01,cdi
Bay,Diinsoor,0.4,2017-03-01,cdi
Bay,Qansax Dheere,0.34,2017-03-01,cdi
Bakool,Xudur,0.32,2017-03-01,cdi
Bakool,Ceel Barde,0.27,2017-03-01,cdi
Bakool,Tayeeglow,0.29,2017-03-01,cdi
Bakool,Waajid,0.46,2017-03-01,cdi
Bakool,Rab Dhuure,0.36,2017-03-01,cdi
Lower Shabelle,Marka,0.58,2017-04-01,cdi
Lower Shabelle,Afgooye,0.57,2017-04-01,cdi
Lower Shabelle,Baraawe,0.74,2017-04-01,cdi
Lower Shabelle,Kurtunwaarey,0.57,2017-04-01,cdi
Lower Shabelle,Qoryooley,0.51,2017-04-01,cdi
Lower Shabelle,Sablaale,0.67,2017-04-01,cdi
Lower Shabelle,Wanla Weyn,0.48,2017-04-01,cdi
Bay,Baydhaba,0.47,2017-04-01,cdi
Bay,Buur Hakaba,0.5,2017-04-01,cdi
Bay,Diinsoor,0.53,2017-04-01,cdi
Bay,Qansax Dheere,0.49,2017-04-01,cdi
Bakool,Xudur,0.38,2017-04-01,cdi
Bakool,Ceel Barde,0.29,2017-04-01,cdi
Bakool,Tayeeglow,0.38,2017-04-01,cdi
Bakool,Waajid,0.46,2017-04-01,cdi
Bakool,Rab Dhuure,0.34,2017-04-01,cdi
Lower Shabelle,Marka,0.53,2017-05-01,cdi
Lower Shabelle,Afgooye,0.47,2017-05-01,cdi
Lower Shabelle,Baraawe,0.61,2017-05-01,cdi
Lower Shabelle,Kurtunwaarey,0.53,2017-05-01,cdi
Lower Shabelle,Qoryooley,0.5,2017-05-01,cdi
Lower Shabelle,Sablaale,0.56,2017-05-01,cdi
Lower Shabelle,Wanla Weyn,0.49,2017-05-01,cdi
Bay,Baydhaba,0.48,2017-05-01,cdi
Bay,Buur Hakaba,0.49,2017-05-01,cdi
Bay,Diinsoor,0.5,2017-05-01,cdi
Bay,Qansax Dheere,0.47,2017-05-01,cdi
Bakool,Xudur,0.43,2017-05-01,cdi
Bakool,Ceel Barde,0.36,2017-05-01,cdi
Bakool,Tayeeglow,0.43,2017-05-01,cdi
Bakool,Waajid,0.45,2017-05-01,cdi
Bakool,Rab Dhuure,0.38,2017-05-01,cdi
Lower Shabelle,Marka,0.49,2017-06-01,cdi
Lower Shabelle,Afgooye,0.47,2017-06-01,cdi
Lower Shabelle,Baraawe,0.57,2017-06-01,cdi
Lower Shabelle,Kurtunwaarey,0.51,2017-06-01,cdi
Lower Shabelle,Qoryooley,0.49,2017-06-01,cdi
Lower Shabelle,Sablaale,0.53,2017-06-01,cdi
Lower Shabelle,Wanla Weyn,0.5,2017-06-01,cdi
Bay,Baydhaba,0.55,2017-06-01,cdi
Bay,Buur Hakaba,0.5,2017-06-01,cdi
Bay,Diinsoor,0.54,2017-06-01,cdi
Bay,Qansax Dheere,0.52,2017-06-01,cdi
Bakool,Xudur,0.43,2017-06-01,cdi
Bakool,Ceel Barde,0.37,2017-06-01,cdi
Bakool,Tayeeglow,0.43,2017-06-01,cdi
Bakool,Waajid,0.45,2017-06-01,cdi
Bakool,Rab Dhuure,0.42,2017-06-01,cdi
Lower Shabelle,Marka,0.48,2017-07-01,cdi
Lower Shabelle,Afgooye,0.46,2017-07-01,cdi
Lower Shabelle,Baraawe,0.55,2017-07-01,cdi
Lower Shabelle,Kurtunwaarey,0.5,2017-07-01,cdi
Lower Shabelle,Qoryooley,0.47,2017-07-01,cdi
Lower Shabelle,Sablaale,0.52,2017-07-01,cdi
Lower Shabelle,Wanla Weyn,0.49,2017-07-01,cdi
Bay,Baydhaba,0.58,2017-07-01,cdi
Bay,Buur Hakaba,0.49,2017-07-01,cdi
Bay,Diinsoor,0.58,2017-07-01,cdi
Bay,Qansax Dheere,0.58,2017-07-01,cdi
Bakool,Xudur,0.42,2017-07-01,cdi
Bakool,Ceel Barde,0.42,2017-07-01,cdi
Bakool,Tayeeglow,0.42,2017-07-01,cdi
Bakool,Waajid,0.45,2017-07-01,cdi
Bakool,Rab Dhuure,0.46,2017-07-01,cdi
Lower Shabelle,Marka,0.5,2017-08-01,cdi
Lower Shabelle,Afgooye,0.48,2017-08-01,cdi
Lower Shabelle,Baraawe,0.73,2017-08-01,cdi
Lower Shabelle,Kurtunwaarey,0.51,2017-08-01,cdi
Lower Shabelle,Qoryooley,0.47,2017-08-01,cdi
Lower Shabelle,Sablaale,0.69,2017-08-01,cdi
Lower Shabelle,Wanla Weyn,0.75,2017-08-01,cdi
Bay,Baydhaba,0.61,2017-08-01,cdi
Bay,Buur Hakaba,0.68,2017-08-01,cdi
Bay,Diinsoor,0.62,2017-08-01,cdi
Bay,Qansax Dheere,0.75,2017-08-01,cdi
Bakool,Xudur,0.63,2017-08-01,cdi
Bakool,Ceel Barde,0.49,2017-08-01,cdi
Bakool,Tayeeglow,0.5,2017-08-01,cdi
Bakool,Waajid,0.7,2017-08-01,cdi
Bakool,Rab Dhuure,0.66,2017-08-01,cdi
Lower Shabelle,Marka,0.5,2017-09-01,cdi
Lower Shabelle,Afgooye,0.48,2017-09-01,cdi
Lower Shabelle,Baraawe,0.83,2017-09-01,cdi
Lower Shabelle,Kurtunwaarey,0.51,2017-09-01,cdi
Lower Shabelle,Qoryooley,0.48,2017-09-01,cdi
Lower Shabelle,Sablaale,0.81,2017-09-01,cdi
Lower Shabelle,Wanla Weyn,0.97,2017-09-01,cdi
Bay,Baydhaba,0.65,2017-09-01,cdi
Bay,Buur Hakaba,0.85,2017-09-01,cdi
Bay,Diinsoor,0.63,2017-09-01,cdi
Bay,Qansax Dheere,0.91,2017-09-01,cdi
Bakool,Xudur,0.81,2017-09-01,cdi
Bakool,Ceel Barde,0.54,2017-09-01,cdi
Bakool,Tayeeglow,0.6,2017-09-01,cdi
Bakool,Waajid,0.86,2017-09-01,cdi
Bakool,Rab Dhuure,0.73,2017-09-01,cdi
Lower Shabelle,Marka,0.44,2017-10-01,cdi
Lower Shabelle,Afgooye,0.39,2017-10-01,cdi
Lower Shabelle,Baraawe,0.59,2017-10-01,cdi
Lower Shabelle,Kurtunwaarey,0.4,2017-10-01,cdi
Lower Shabelle,Qoryooley,0.37,2017-10-01,cdi
Lower Shabelle,Sablaale,0.53,2017-10-01,cdi
Lower Shabelle,Wanla Weyn,0.65,2017-10-01,cdi
Bay,Baydhaba,0.55,2017-10-01,cdi
Bay,Buur Hakaba,0.63,2017-10-01,cdi
Bay,Diinsoor,0.45,2017-10-01,cdi
Bay,Qansax Dheere,0.66,2017-10-01,cdi
Bakool,Xudur,0.77,2017-10-01,cdi
Bakool,Ceel Barde,0.64,2017-10-01,cdi
Bakool,Tayeeglow,0.6,2017-10-01,cdi
Bakool,Waajid,0.87,2017-10-01,cdi
Bakool,Rab Dhuure,0.83,2017-10-01,cdi
Lower Shabelle,Marka,0.67,2017-11-01,cdi
Lower Shabelle,Afgooye,0.57,2017-11-01,cdi
Lower Shabelle,Baraawe,0.68,2017-11-01,cdi
Lower Shabelle,Kurtunwaarey,0.6,2017-11-01,cdi
Lower Shabelle,Qoryooley,0.56,2017-11-01,cdi
Lower Shabelle,Sablaale,0.63,2017-11-01,cdi
Lower Shabelle,Wanla Weyn,0.66,2017-11-01,cdi
Bay,Baydhaba,0.71,2017-11-01,cdi
Bay,Buur Hakaba,0.74,2017-11-01,cdi
Bay,Diinsoor,0.56,2017-11-01,cdi
Bay,Qansax Dheere,0.73,2017-11-01,cdi
Bakool,Xudur,0.86,2017-11-01,cdi
Bakool,Ceel Barde,0.86,2017-11-01,cdi
Bakool,Tayeeglow,0.79,2017-11-01,cdi
Bakool,Waajid,0.95,2017-11-01,cdi
Bakool,Rab Dhuure,0.95,2017-11-01,cdi
Lower Shabelle,Marka,0.8,2017-12-01,cdi
Lower Shabelle,Afgooye,0.66,2017-12-01,cdi
Lower Shabelle,Baraawe,0.8,2017-12-01,cdi
Lower Shabelle,Kurtunwaarey,0.67,2017-12-01,cdi
Lower Shabelle,Qoryooley,0.64,2017-12-01,cdi
Lower Shabelle,Sablaale,0.69,2017-12-01,cdi
Lower Shabelle,Wanla Weyn,0.76,2017-12-01,cdi
Bay,Baydhaba,0.82,2017-12-01,cdi
Bay,Buur Hakaba,0.72,2017-12-01,cdi
Bay,Diinsoor,0.6,2017-12-01,cdi
Bay,Qansax Dheere,0.73,2017-12-01,cdi
Bakool,Xudur,0.97,2017-12-01,cdi
Bakool,Ceel Barde,0.94,2017-12-01,cdi
Bakool,Tayeeglow,0.84,2017-12-01,cdi
Bakool,Waajid,1.05,2017-12-01,cdi
Bakool,Rab Dhuure,1.02,2017-12-01,cdi
Lower Shabelle,Marka,0.89,2018-01-01,cdi
Lower Shabelle,Afgooye,0.73,2018-01-01,cdi
Lower Shabelle,Baraawe,0.88,2018-01-01,cdi
Lower Shabelle,Kurtunwaarey,0.67,2018-01-01,cdi
Lower Shabelle,Qoryooley,0.63,2018-01-01,cdi
Lower Shabelle,Sablaale,0.66,2018-01-01,cdi
Lower Shabelle,Wanla Weyn,0.81,2018-01-01,cdi
Bay,Baydhaba,0.84,2018-01-01,cdi
Bay,Buur Hakaba,0.74,2018-01-01,cdi
Bay,Diinsoor,0.58,2018-01-01,cdi
Bay,Qansax Dheere,0.75,2018-01-01,cdi
Bakool,Xudur,0.93,2018-01-01,cdi
Bakool,Ceel Barde,0.98,2018-01-01,cdi
Bakool,Tayeeglow,0.9,2018-01-01,cdi
Bakool,Waajid,1.09,2018-01-01,cdi
Bakool,Rab Dhuure,1.04,2018-01-01,cdi
Lower Shabelle,Marka,0.79,2018-02-01,cdi
Lower Shabelle,Afgooye,0.64,2018-02-01,cdi
Lower Shabelle,Baraawe,0.75,2018-02-01,cdi
Lower Shabelle,Kurtunwaarey,0.54,2018-02-01,cdi
Lower Shabelle,Qoryooley,0.53,2018-02-01,cdi
Lower Shabelle,Sablaale,0.52,2018-02-01,cdi
Lower Shabelle,Wanla Weyn,0.71,2018-02-01,cdi
Bay,Baydhaba,0.72,2018-02-01,cdi
Bay,Buur Hakaba,0.64,2018-02-01,cdi
Bay,Diinsoor,0.46,2018-02-01,cdi
Bay,Qansax Dheere,0.66,2018-02-01,cdi
Bakool,Xudur,0.71,2018-02-01,cdi
Bakool,Ceel Barde,0.88,2018-02-01,cdi
Bakool,Tayeeglow,0.82,2018-02-01,cdi
Bakool,Waajid,0.9,2018-02-01,cdi
Bakool,Rab Dhuure,0.86,2018-02-01,cdi
Lower Shabelle,Marka,1.07,2018-03-01,cdi
Lower Shabelle,Afgooye,0.87,2018-03-01,cdi
Lower Shabelle,Baraawe,0.76,2018-03-01,cdi
Lower Shabelle,Kurtunwaarey,0.57,2018-03-01,cdi
Lower Shabelle,Qoryooley,0.77,2018-03-01,cdi
Lower Shabelle,Sablaale,0.56,2018-03-01,cdi
Lower Shabelle,Wanla Weyn,0.95,2018-03-01,cdi
Bay,Baydhaba,0.95,2018-03-01,cdi
Bay,Buur Hakaba,0.85,2018-03-01,cdi
Bay,Diinsoor,0.53,2018-03-01,cdi
Bay,Qansax Dheere,0.67,2018-03-01,cdi
Bakool,Xudur,1.05,2018-03-01,cdi
Bakool,Ceel Barde,0.91,2018-03-01,cdi
Bakool,Tayeeglow,1.15,2018-03-01,cdi
Bakool,Waajid,1.25,2018-03-01,cdi
Bakool,Rab Dhuure,0.96,2018-03-01,cdi
Lower Shabelle,Marka,1.88,2018-04-01,cdi
Lower Shabelle,Afgooye,1.66,2018-04-01,cdi
Lower Shabelle,Baraawe,1.45,2018-04-01,cdi
Lower Shabelle,Kurtunwaarey,1.41,2018-04-01,cdi
Lower Shabelle,Qoryooley,1.63,2018-04-01,cdi
Lower Shabelle,Sablaale,1.28,2018-04-01,cdi
Lower Shabelle,Wanla Weyn,1.89,2018-04-01,cdi
Bay,Baydhaba,1.77,2018-04-01,cdi
Bay,Buur Hakaba,1.7,2018-04-01,cdi
Bay,Diinsoor,1.29,2018-04-01,cdi
Bay,Qansax Dheere,1.37,2018-04-01,cdi
Bakool,Xudur,2.03,2018-04-01,cdi
Bakool,Ceel Barde,1.86,2018-04-01,cdi
Bakool,Tayeeglow,2.03,2018-04-01,cdi
Bakool,Waajid,1.89,2018-04-01,cdi
Bakool,Rab Dhuure,1.51,2018-04-01,cdi
Lower Shabelle,Marka,2.4,2018-05-01,cdi
Lower Shabelle,Afgooye,2.28,2018-05-01,cdi
Lower Shabelle,Baraawe,2.23,2018-05-01,cdi
Lower Shabelle,Kurtunwaarey,2.04,2018-05-01,cdi
Lower Shabelle,Qoryooley,2.23,2018-05-01,cdi
Lower Shabelle,Sablaale,1.91,2018-05-01,cdi
Lower Shabelle,Wanla Weyn,2.36,2018-05-01,cdi
Bay,Baydhaba,2.23,2018-05-01,cdi
Bay,Buur Hakaba,2.22,2018-05-01,cdi
Bay,Diinsoor,1.8,2018-05-01,cdi
Bay,Qansax Dheere,1.76,2018-05-01,cdi
Bakool,Xudur,2.51,2018-05-01,cdi
Bakool,Ceel Barde,2.27,2018-05-01,cdi
Bakool,Tayeeglow,2.26,2018-05-01,cdi
Bakool,Waajid,2.28,2018-05-01,cdi
Bakool,Rab Dhuure,1.99,2018-05-01,cdi
Lower Shabelle,Marka,2.07,2018-06-01,cdi
Lower Shabelle,Afgooye,2.01,2018-06-01,cdi
Lower Shabelle,Baraawe,2.23,2018-06-01,cdi
Lower Shabelle,Kurtunwaarey,2.06,2018-06-01,cdi
Lower Shabelle,Qoryooley,2.02,2018-06-01,cdi
Lower Shabelle,Sablaale,1.95,2018-06-01,cdi
Lower Shabelle,Wanla Weyn,2.08,2018-06-01,cdi
Bay,Baydhaba,2.03,2018-06-01,cdi
Bay,Buur Hakaba,1.99,2018-06-01,cdi
Bay,Diinsoor,1.8,2018-06-01,cdi
Bay,Qansax Dheere,1.8,2018-06-01,cdi
Bakool,Xudur,2.51,2018-06-01,cdi
Bakool,Ceel Barde,2.53,2018-06-01,cdi
Bakool,Tayeeglow,2.04,2018-06-01,cdi
Bakool,Waajid,2.37,2018-06-01,cdi
Bakool,Rab Dhuure,2.01,2018-06-01,cdi
Lower Shabelle,Marka,1.67,2018-07-01,cdi
Lower Shabelle,Afgooye,1.98,2018-07-01,cdi
Lower Shabelle,Baraawe,1.8,2018-07-01,cdi
Lower Shabelle,Kurtunwaarey,1.76,2018-07-01,cdi
Lower Shabelle,Qoryooley,1.96,2018-07-01,cdi
Lower Shabelle,Sablaale,1.97,2018-07-01,cdi
Lower Shabelle,Wanla Weyn,2.0,2018-07-01,cdi
Bay,Baydhaba,2.05,2018-07-01,cdi
Bay,Buur Hakaba,1.98,2018-07-01,cdi
Bay,Diinsoor,1.75,2018-07-01,cdi
Bay,Qansax Dheere,1.8,2018-07-01,cdi
Bakool,Xudur,2.18,2018-07-01,cdi
Bakool,Ceel Barde,2.26,2018-07-01,cdi
Bakool,Tayeeglow,2.09,2018-07-01,cdi
Bakool,Waajid,2.45,2018-07-01,cdi
Bakool,Rab Dhuure,1.72,2018-07-01,cdi
Lower Shabelle,Marka,1.22,2018-08-01,cdi
Lower Shabelle,Afgooye,1.9,2018-08-01,cdi
Lower Shabelle,Baraawe,1.17,2018-08-01,cdi
Lower Shabelle,Kurtunwaarey,1.3,2018-08-01,cdi
Lower Shabelle,Qoryooley,1.85,2018-08-01,cdi
Lower Shabelle,Sablaale,1.88,2018-08-01,cdi
Lower Shabelle,Wanla Weyn,1.92,2018-08-01,cdi
Bay,Baydhaba,2.0,2018-08-01,cdi
Bay,Buur Hakaba,1.92,2018-08-01,cdi
Bay,Diinsoor,1.79,2018-08-01,cdi
Bay,Qansax Dheere,1.71,2018-08-01,cdi
Bakool,Xudur,1.69,2018-08-01,cdi
Bakool,Ceel Barde,1.81,2018-08-01,cdi
Bakool,Tayeeglow,2.0,2018-08-01,cdi
Bakool,Waajid,2.04,2018-08-01,cdi
Bakool,Rab Dhuure,1.27,2018-08-01,cdi
Lower Shabelle,Marka,1.2,2018-09-01,cdi
Lower Shabelle,Afgooye,1.52,2018-09-01,cdi
Lower Shabelle,Baraawe,1.04,2018-09-01,cdi
Lower Shabelle,Kurtunwaarey,1.22,2018-09-01,cdi
Lower Shabelle,Qoryooley,1.53,2018-09-01,cdi
Lower Shabelle,Sablaale,1.52,2018-09-01,cdi
Lower Shabelle,Wanla Weyn,1.57,2018-09-01,cdi
Bay,Baydhaba,2.0,2018-09-01,cdi
Bay,Buur Hakaba,1.87,2018-09-01,cdi
Bay,Diinsoor,1.85,2018-09-01,cdi
Bay,Qansax Dheere,1.47,2018-09-01,cdi
Bakool,Xudur,1.69,2018-09-01,cdi
Bakool,Ceel Barde,1.79,2018-09-01,cdi
Bakool,Tayeeglow,1.89,2018-09-01,cdi
Bakool,Waajid,1.92,2018-09-01,cdi
Bakool,Rab Dhuure,1.65,2018-09-01,cdi
Lower Shabelle,Marka,0.83,2018-10-01,cdi
Lower Shabelle,Afgooye,0.82,2018-10-01,cdi
Lower Shabelle,Baraawe,0.81,2018-10-01,cdi
Lower Shabelle,Kurtunwaarey,0.79,2018-10-01,cdi
Lower Shabelle,Qoryooley,0.77,2018-10-01,cdi
Lower Shabelle,Sablaale,0.83,2018-10-01,cdi
Lower Shabelle,Wanla Weyn,0.75,2018-10-01,cdi
Bay,Baydhaba,1.28,2018-10-01,cdi
Bay,Buur Hakaba,1.12,2018-10-01,cdi
Bay,Diinsoor,1.1,2018-10-01,cdi
Bay,Qansax Dheere,0.65,2018-10-01,cdi
Bakool,Xudur,1.43,2018-10-01,cdi
Bakool,Ceel Barde,1.41,2018-10-01,cdi
Bakool,Tayeeglow,1.3,2018-10-01,cdi
Bakool,Waajid,1.52,2018-10-01,cdi
Bakool,Rab Dhuure,1.49,2018-10-01,cdi
Lower Shabelle,Marka,0.38,2018-11-01,cdi
Lower Shabelle,Afgooye,0.48,2018-11-01,cdi
Lower Shabelle,Baraawe,0.28,2018-11-01,cdi
Lower Shabelle,Kurtunwaarey,0.35,2018-11-01,cdi
Lower Shabelle,Qoryooley,0.38,2018-11-01,cdi
Lower Shabelle,Sablaale,0.37,2018-11-01,cdi
Lower Shabelle,Wanla Weyn,0.48,2018-11-01,cdi
Bay,Baydhaba,0.69,2018-11-01,cdi
Bay,Buur Hakaba,0.58,2018-11-01,cdi
Bay,Diinsoor,0.83,2018-11-01,cdi
Bay,Qansax Dheere,0.44,2018-11-01,cdi
Bakool,Xudur,0.94,2018-11-01,cdi
Bakool,Ceel Barde,0.84,2018-11-01,cdi
Bakool,Tayeeglow,0.85,2018-11-01,cdi
Bakool,Waajid,0.97,2018-11-01,cdi
Bakool,Rab Dhuure,0.76,2018-11-01,cdi
Lower Shabelle,Marka,0.45,2018-12-01,cdi
Lower Shabelle,Afgooye,0.66,2018-12-01,cdi
Lower Shabelle,Baraawe,0.28,2018-12-01,cdi
Lower Shabelle,Kurtunwaarey,0.45,2018-12-01,cdi
Lower Shabelle,Qoryooley,0.51,2018-12-01,cdi
Lower Shabelle,Sablaale,0.47,2018-12-01,cdi
Lower Shabelle,Wanla Weyn,0.72,2018-12-01,cdi
Bay,Baydhaba,0.79,2018-12-01,cdi
Bay,Buur Hakaba,0.67,2018-12-01,cdi
Bay,Diinsoor,0.97,2018-12-01,cdi
Bay,Qansax Dheere,0.74,2018-12-01,cdi
Bakool,Xudur,0.81,2018-12-01,cdi
Bakool,Ceel Barde,0.66,2018-12-01,cdi
Bakool,Tayeeglow,0.91,2018-12-01,cdi
Bakool,Waajid,0.81,2018-12-01,cdi
Bakool,Rab Dhuure,0.58,2018-12-01,cdi
Lower Shabelle,Marka,0.52,2019-01-01,cdi
Lower Shabelle,Afgooye,0.85,2019-01-01,cdi
Lower Shabelle,Baraawe,0.29,2019-01-01,cdi
Lower Shabelle,Kurtunwaarey,0.52,2019-01-01,cdi
Lower Shabelle,Qoryooley,0.6,2019-01-01,cdi
Lower Shabelle,Sablaale,0.53,2019-01-01,cdi
Lower Shabelle,Wanla Weyn,0.94,2019-01-01,cdi
Bay,Baydhaba,0.97,2019-01-01,cdi
Bay,Buur Hakaba,0.84,2019-01-01,cdi
Bay,Diinsoor,1.09,2019-01-01,cdi
Bay,Qansax Dheere,0.96,2019-01-01,cdi
Bakool,Xudur,0.87,2019-01-01,cdi
Bakool,Ceel Barde,0.72,2019-01-01,cdi
Bakool,Tayeeglow,0.97,2019-01-01,cdi
Bakool,Waajid,0.67,2019-01-01,cdi
Bakool,Rab Dhuure,0.64,2019-01-01,cdi
Lower Shabelle,Marka,0.53,2019-02-01,cdi
Lower Shabelle,Afgooye,0.84,2019-02-01,cdi
Lower Shabelle,Baraawe,0.33,2019-02-01,cdi
Lower Shabelle,Kurtunwaarey,0.62,2019-02-01,cdi
Lower Shabelle,Qoryooley,0.59,2019-02-01,cdi
Lower Shabelle,Sablaale,0.52,2019-02-01,cdi
Lower Shabelle,Wanla Weyn,0.86,2019-02-01,cdi
Bay,Baydhaba,0.85,2019-02-01,cdi
Bay,Buur Hakaba,0.75,2019-02-01,cdi
Bay,Diinsoor,1.0,2019-02-01,cdi
Bay,Qansax Dheere,0.91,2019-02-01,cdi
Bakool,Xudur,0.88,2019-02-01,cdi
Bakool,Ceel Barde,0.75,2019-02-01,cdi
Bakool,Tayeeglow,0.92,2019-02-01,cdi
Bakool,Waajid,0.73,2019-02-01,cdi
Bakool,Rab Dhuure,0.71,2019-02-01,cdi
Lower Shabelle,Marka,0.77,2019-03-01,cdi
Lower Shabelle,Afgooye,1.0,2019-03-01,cdi
Lower Shabelle,Baraawe,0.59,2019-03-01,cdi
Lower Shabelle,Kurtunwaarey,0.78,2019-03-01,cdi
Lower Shabelle,Qoryooley,0.72,2019-03-01,cdi
Lower Shabelle,Sablaale,0.66,2019-03-01,cdi
Lower Shabelle,Wanla Weyn,0.82,2019-03-01,cdi
Bay,Baydhaba,0.55,2019-03-01,cdi
Bay,Buur Hakaba,0.68,2019-03-01,cdi
Bay,Diinsoor,0.94,2019-03-01,cdi
Bay,Qansax Dheere,0.68,2019-03-01,cdi
Bakool,Xudur,0.62,2019-03-01,cdi
Bakool,Ceel Barde,0.55,2019-03-01,cdi
Bakool,Tayeeglow,0.6,2019-03-01,cdi
Bakool,Waajid,0.61,2019-03-01,cdi
Bakool,Rab Dhuure,0.55,2019-03-01,cdi
Lower Shabelle,Marka,0.67,2019-04-01,cdi
Lower Shabelle,Afgooye,0.81,2019-04-01,cdi
Lower Shabelle,Baraawe,0.49,2019-04-01,cdi
Lower Shabelle,Kurtunwaarey,0.78,2019-04-01,cdi
Lower Shabelle,Qoryooley,0.77,2019-04-01,cdi
Lower Shabelle,Sablaale,0.84,2019-04-01,cdi
Lower Shabelle,Wanla Weyn,0.67,2019-04-01,cdi
Bay,Baydhaba,0.48,2019-04-01,cdi
Bay,Buur Hakaba,0.74,2019-04-01,cdi
Bay,Diinsoor,1.03,2019-04-01,cdi
Bay,Qansax Dheere,0.6,2019-04-01,cdi
Bakool,Xudur,0.45,2019-04-01,cdi
Bakool,Ceel Barde,0.4,2019-04-01,cdi
Bakool,Tayeeglow,0.44,2019-04-01,cdi
Bakool,Waajid,0.52,2019-04-01,cdi
Bakool,Rab Dhuure,0.73,2019-04-01,cdi
Lower Shabelle,Marka,0.63,2019-05-01,cdi
Lower Shabelle,Afgooye,1.05,2019-05-01,cdi
Lower Shabelle,Baraawe,1.1,2019-05-01,cdi
Lower Shabelle,Kurtunwaarey,1.21,2019-05-01,cdi
Lower Shabelle,Qoryooley,1.11,2019-05-01,cdi
Lower Shabelle,Sablaale,1.36,2019-05-01,cdi
Lower Shabelle,Wanla Weyn,1.0,2019-05-01,cdi
Bay,Baydhaba,1.04,2019-05-01,cdi
Bay,Buur Hakaba,1.17,2019-05-01,cdi
Bay,Diinsoor,1.37,2019-05-01,cdi
Bay,Qansax Dheere,1.13,2019-05-01,cdi
Bakool,Xudur,1.15,2019-05-01,cdi
Bakool,Ceel Barde,1.1,2019-05-01,cdi
Bakool,Tayeeglow,0.99,2019-05-01,cdi
Bakool,Waajid,1.22,2019-05-01,cdi
Bakool,Rab Dhuure,1.53,2019-05-01,cdi
Lower Shabelle,Marka,0.44,2019-06-01,cdi
Lower Shabelle,Afgooye,1.02,2019-06-01,cdi
Lower Shabelle,Baraawe,1.04,2019-06-01,cdi
Lower Shabelle,Kurtunwaarey,1.08,2019-06-01,cdi
Lower Shabelle,Qoryooley,0.97,2019-06-01,cdi
Lower Shabelle,Sablaale,1.24,2019-06-01,cdi
Lower Shabelle,Wanla Weyn,1.0,2019-06-01,cdi
Bay,Baydhaba,1.22,2019-06-01,cdi
Bay,Buur Hakaba,1.16,2019-06-01,cdi
Bay,Diinsoor,1.21,2019-06-01,cdi
Bay,Qansax Dheere,1.15,2019-06-01,cdi
Bakool,Xudur,1.38,2019-06-01,cdi
Bakool,Ceel Barde,1.31,2019-06-01,cdi
Bakool,Tayeeglow,1.22,2019-06-01,cdi
Bakool,Waajid,1.51,2019-06-01,cdi
Bakool,Rab Dhuure,1.8,2019-06-01,cdi
Lower Shabelle,Marka,0.7,2019-07-01,cdi
Lower Shabelle,Afgooye,1.17,2019-07-01,cdi
Lower Shabelle,Baraawe,1.16,2019-07-01,cdi
Lower Shabelle,Kurtunwaarey,1.14,2019-07-01,cdi
Lower Shabelle,Qoryooley,1.08,2019-07-01,cdi
Lower Shabelle,Sablaale,1.26,2019-07-01,cdi
Lower Shabelle,Wanla Weyn,1.28,2019-07-01,cdi
Bay,Baydhaba,1.47,2019-07-01,cdi
Bay,Buur Hakaba,1.4,2019-07-01,cdi
Bay,Diinsoor,1.27,2019-07-01,cdi
Bay,Qansax Dheere,1.2,2019-07-01,cdi
Bakool,Xudur,1.66,2019-07-01,cdi
Bakool,Ceel Barde,1.47,2019-07-01,cdi
Bakool,Tayeeglow,1.73,2019-07-01,cdi
Bakool,Waajid,1.7,2019-07-01,cdi
Bakool,Rab Dhuure,1.69,2019-07-01,cdi
Lower Shabelle,Marka,0.97,2019-08-01,cdi
Lower Shabelle,Afgooye,1.19,2019-08-01,cdi
Lower Shabelle,Baraawe,1.18,2019-08-01,cdi
Lower Shabelle,Kurtunwaarey,1.18,2019-08-01,cdi
Lower Shabelle,Qoryooley,1.2,2019-08-01,cdi
Lower Shabelle,Sablaale,1.3,2019-08-01,cdi
Lower Shabelle,Wanla Weyn,1.36,2019-08-01,cdi
Bay,Baydhaba,1.58,2019-08-01,cdi
Bay,Buur Hakaba,1.51,2019-08-01,cdi
Bay,Diinsoor,1.41,2019-08-01,cdi
Bay,Qansax Dheere,1.23,2019-08-01,cdi
Bakool,Xudur,1.67,2019-08-01,cdi
Bakool,Ceel Barde,1.49,2019-08-01,cdi
Bakool,Tayeeglow,1.78,2019-08-01,cdi
Bakool,Waajid,1.6,2019-08-01,cdi
Bakool,Rab Dhuure,1.34,2019-08-01,cdi
Lower Shabelle,Marka,0.85,2019-09-01,cdi
Lower Shabelle,Afgooye,1.07,2019-09-01,cdi
Lower Shabelle,Baraawe,1.28,2019-09-01,cdi
Lower Shabelle,Kurtunwaarey,1.35,2019-09-01,cdi
Lower Shabelle,Qoryooley,1.27,2019-09-01,cdi
Lower Shabelle,Sablaale,1.45,2019-09-01,cdi
Lower Shabelle,Wanla Weyn,1.17,2019-09-01,cdi
Bay,Baydhaba,1.37,2019-09-01,cdi
Bay,Buur Hakaba,1.38,2019-09-01,cdi
Bay,Diinsoor,1.62,2019-09-01,cdi
Bay,Qansax Dheere,1.27,2019-09-01,cdi
Bakool,Xudur,1.97,2019-09-01,cdi
Bakool,Ceel Barde,1.56,2019-09-01,cdi
Bakool,Tayeeglow,1.52,2019-09-01,cdi
Bakool,Waajid,1.59,2019-09-01,cdi
Bakool,Rab Dhuure,1.44,2019-09-01,cdi
Lower Shabelle,Marka,1.25,2019-10-01,cdi
Lower Shabelle,Afgooye,1.93,2019-10-01,cdi
Lower Shabelle,Baraawe,2.23,2019-10-01,cdi
Lower Shabelle,Kurtunwaarey,2.48,2019-10-01,cdi
Lower Shabelle,Qoryooley,2.24,2019-10-01,cdi
Lower Shabelle,Sablaale,2.65,2019-10-01,cdi
Lower Shabelle,Wanla Weyn,2.11,2019-10-01,cdi
Bay,Baydhaba,2.79,2019-10-01,cdi
Bay,Buur Hakaba,2.41,2019-10-01,cdi
Bay,Diinsoor,2.99,2019-10-01,cdi
Bay,Qansax Dheere,2.97,2019-10-01,cdi
Bakool,Xudur,3.42,2019-10-01,cdi
Bakool,Ceel Barde,2.93,2019-10-01,cdi
Bakool,Tayeeglow,2.29,2019-10-01,cdi
Bakool,Waajid,3.34,2019-10-01,cdi
Bakool,Rab Dhuure,3.55,2019-10-01,cdi
Lower Shabelle,Marka,1.55,2019-11-01,cdi
Lower Shabelle,Afgooye,2.08,2019-11-01,cdi
Lower Shabelle,Baraawe,1.82,2019-11-01,cdi
Lower Shabelle,Kurtunwaarey,2.12,2019-11-01,cdi
Lower Shabelle,Qoryooley,2.12,2019-11-01,cdi
Lower Shabelle,Sablaale,2.29,2019-11-01,cdi
Lower Shabelle,Wanla Weyn,1.95,2019-11-01,cdi
Bay,Baydhaba,2.42,2019-11-01,cdi
Bay,Buur Hakaba,2.11,2019-11-01,cdi
Bay,Diinsoor,2.53,2019-11-01,cdi
Bay,Qansax Dheere,2.46,2019-11-01,cdi
Bakool,Xudur,3.2,2019-11-01,cdi
Bakool,Ceel Barde,2.83,2019-11-01,cdi
Bakool,Tayeeglow,2.14,2019-11-01,cdi
Bakool,Waajid,3.28,2019-11-01,cdi
Bakool,Rab Dhuure,3.49,2019-11-01,cdi
Lower Shabelle,Marka,1.94,2019-12-01,cdi
Lower Shabelle,Afgooye,2.52,2019-12-01,cdi
Lower Shabelle,Baraawe,1.99,2019-12-01,cdi
Lower Shabelle,Kurtunwaarey,2.2,2019-12-01,cdi
Lower Shabelle,Qoryooley,2.32,2019-12-01,cdi
Lower Shabelle,Sablaale,2.39,2019-12-01,cdi
Lower Shabelle,Wanla Weyn,2.0,2019-12-01,cdi
Bay,Baydhaba,2.47,2019-12-01,cdi
Bay,Buur Hakaba,2.11,2019-12-01,cdi
Bay,Diinsoor,2.26,2019-12-01,cdi
Bay,Qansax Dheere,2.42,2019-12-01,cdi
Bakool,Xudur,2.92,2019-12-01,cdi
Bakool,Ceel Barde,3.23,2019-12-01,cdi
Bakool,Tayeeglow,2.41,2019-12-01,cdi
Bakool,Waajid,2.91,2019-12-01,cdi
Bakool,Rab Dhuure,3.04,2019-12-01,cdi
Lower Shabelle,Marka,2.0,2020-01-01,cdi
Lower Shabelle,Afgooye,2.54,2020-01-01,cdi
Lower Shabelle,Baraawe,1.97,2020-01-01,cdi
Lower Shabelle,Kurtunwaarey,2.22,2020-01-01,cdi
Lower Shabelle,Qoryooley,2.32,2020-01-01,cdi
Lower Shabelle,Sablaale,2.65,2020-01-01,cdi
Lower Shabelle,Wanla Weyn,1.88,2020-01-01,cdi
Bay,Baydhaba,2.24,2020-01-01,cdi
Bay,Buur Hakaba,1.94,2020-01-01,cdi
Bay,Diinsoor,2.1,2020-01-01,cdi
Bay,Qansax Dheere,2.21,2020-01-01,cdi
Bakool,Xudur,2.61,2020-01-01,cdi
Bakool,Ceel Barde,3.19,2020-01-01,cdi
Bakool,Tayeeglow,2.15,2020-01-01,cdi
Bakool,Waajid,2.74,2020-01-01,cdi
Bakool,Rab Dhuure,2.86,2020-01-01,cdi
Lower Shabelle,Marka,2.13,2020-02-01,cdi
Lower Shabelle,Afgooye,2.85,2020-02-01,cdi
Lower Shabelle,Baraawe,1.81,2020-02-01,cdi
Lower Shabelle,Kurtunwaarey,2.15,2020-02-01,cdi
Lower Shabelle,Qoryooley,2.56,2020-02-01,cdi
Lower Shabelle,Sablaale,2.58,2020-02-01,cdi
Lower Shabelle,Wanla Weyn,1.56,2020-02-01,cdi
Bay,Baydhaba,1.73,2020-02-01,cdi
Bay,Buur Hakaba,1.53,2020-02-01,cdi
Bay,Diinsoor,2.21,2020-02-01,cdi
Bay,Qansax Dheere,2.36,2020-02-01,cdi
Bakool,Xudur,2.09,2020-02-01,cdi
Bakool,Ceel Barde,3.06,2020-02-01,cdi
Bakool,Tayeeglow,2.09,2020-02-01,cdi
Bakool,Waajid,2.31,2020-02-01,cdi
Bakool,Rab Dhuure,2.47,2020-02-01,cdi
Lower Shabelle,Marka,2.99,2020-03-01,cdi
Lower Shabelle,Afgooye,3.23,2020-03-01,cdi
Lower Shabelle,Baraawe,2.67,2020-03-01,cdi
Lower Shabelle,Kurtunwaarey,2.61,2020-03-01,cdi
Lower Shabelle,Qoryooley,2.94,2020-03-01,cdi
Lower Shabelle,Sablaale,3.19,2020-03-01,cdi
Lower Shabelle,Wanla Weyn,2.35,2020-03-01,cdi
Bay,Baydhaba,2.66,2020-03-01,cdi
Bay,Buur Hakaba,2.33,2020-03-01,cdi
Bay,Diinsoor,3.02,2020-03-01,cdi
Bay,Qansax Dheere,3.16,2020-03-01,cdi
Bakool,Xudur,3.2,2020-03-01,cdi
Bakool,Ceel Barde,4.25,2020-03-01,cdi
Bakool,Tayeeglow,2.98,2020-03-01,cdi
Bakool,Waajid,3.46,2020-03-01,cdi
Bakool,Rab Dhuure,3.65,2020-03-01,cdi
Lower Shabelle,Marka,2.15,2020-04-01,cdi
Lower Shabelle,Afgooye,2.38,2020-04-01,cdi
Lower Shabelle,Baraawe,2.24,2020-04-01,cdi
Lower Shabelle,Kurtunwaarey,1.95,2020-04-01,cdi
Lower Shabelle,Qoryooley,2.11,2020-04-01,cdi
Lower Shabelle,Sablaale,1.95,2020-04-01,cdi
Lower Shabelle,Wanla Weyn,1.78,2020-04-01,cdi
Bay,Baydhaba,1.91,2020-04-01,cdi
Bay,Buur Hakaba,1.78,2020-04-01,cdi
Bay,Diinsoor,2.05,2020-04-01,cdi
Bay,Qansax Dheere,2.14,2020-04-01,cdi
Bakool,Xudur,2.42,2020-04-01,cdi
Bakool,Ceel Barde,3.54,2020-04-01,cdi
Bakool,Tayeeglow,2.47,2020-04-01,cdi
Bakool,Waajid,2.52,2020-04-01,cdi
Bakool,Rab Dhuure,2.93,2020-04-01,cdi
Lower Shabelle,Marka,1.68,2020-05-01,cdi
Lower Shabelle,Afgooye,1.74,2020-05-01,cdi
Lower Shabelle,Baraawe,2.23,2020-05-01,cdi
Lower Shabelle,Kurtunwaarey,1.68,2020-05-01,cdi
Lower Shabelle,Qoryooley,1.53,2020-05-01,cdi
Lower Shabelle,Sablaale,1.95,2020-05-01,cdi
Lower Shabelle,Wanla Weyn,1.4,2020-05-01,cdi
Bay,Baydhaba,1.57,2020-05-01,cdi
Bay,Buur Hakaba,1.49,2020-05-01,cdi
Bay,Diinsoor,1.36,2020-05-01,cdi
Bay,Qansax Dheere,1.68,2020-05-01,cdi
Bakool,Xudur,2.13,2020-05-01,cdi
Bakool,Ceel Barde,2.82,2020-05-01,cdi
Bakool,Tayeeglow,2.14,2020-05-01,cdi
Bakool,Waajid,2.2,2020-05-01,cdi
Bakool,Rab Dhuure,2.7,2020-05-01,cdi
Lower Shabelle,Marka,1.84,2020-06-01,cdi
Lower Shabelle,Afgooye,1.81,2020-06-01,cdi
Lower Shabelle,Baraawe,2.76,2020-06-01,cdi
Lower Shabelle,Kurtunwaarey,1.77,2020-06-01,cdi
Lower Shabelle,Qoryooley,1.56,2020-06-01,cdi
Lower Shabelle,Sablaale,2.07,2020-06-01,cdi
Lower Shabelle,Wanla Weyn,1.42,2020-06-01,cdi
Bay,Baydhaba,1.64,2020-06-01,cdi
Bay,Buur Hakaba,1.5,2020-06-01,cdi
Bay,Diinsoor,1.31,2020-06-01,cdi
Bay,Qansax Dheere,1.6,2020-06-01,cdi
Bakool,Xudur,2.11,2020-06-01,cdi
Bakool,Ceel Barde,2.8,2020-06-01,cdi
Bakool,Tayeeglow,2.16,2020-06-01,cdi
Bakool,Waajid,2.28,2020-06-01,cdi
Bakool,Rab Dhuure,2.7,2020-06-01,cdi
Lower Shabelle,Marka,3.12,2020-07-01,cdi
Lower Shabelle,Afgooye,2.51,2020-07-01,cdi
Lower Shabelle,Baraawe,3.63,2020-07-01,cdi
Lower Shabelle,Kurtunwaarey,2.48,2020-07-01,cdi
Lower Shabelle,Qoryooley,2.21,2020-07-01,cdi
Lower Shabelle,Sablaale,2.54,2020-07-01,cdi
Lower Shabelle,Wanla Weyn,2.02,2020-07-01,cdi
Bay,Baydhaba,1.94,2020-07-01,cdi
Bay,Buur Hakaba,1.94,2020-07-01,cdi
Bay,Diinsoor,1.58,2020-07-01,cdi
Bay,Qansax Dheere,1.74,2020-07-01,cdi
Bakool,Xudur,2.5,2020-07-01,cdi
Bakool,Ceel Barde,3.26,2020-07-01,cdi
Bakool,Tayeeglow,2.86,2020-07-01,cdi
Bakool,Waajid,2.52,2020-07-01,cdi
Bakool,Rab Dhuure,2.86,2020-07-01,cdi
Lower Shabelle,Marka,3.08,2020-08-01,cdi
Lower Shabelle,Afgooye,2.59,2020-08-01,cdi
Lower Shabelle,Baraawe,3.38,2020-08-01,cdi
Lower Shabelle,Kurtunwaarey,2.78,2020-08-01,cdi
Lower Shabelle,Qoryooley,2.55,2020-08-01,cdi
Lower Shabelle,Sablaale,2.51,2020-08-01,cdi
Lower Shabelle,Wanla Weyn,2.07,2020-08-01,cdi
Bay,Baydhaba,2.44,2020-08-01,cdi
Bay,Buur Hakaba,2.32,2020-08-01,cdi
Bay,Diinsoor,1.71,2020-08-01,cdi
Bay,Qansax Dheere,2.03,2020-08-01,cdi
Bakool,Xudur,2.98,2020-08-01,cdi
Bakool,Ceel Barde,3.91,2020-08-01,cdi
Bakool,Tayeeglow,3.13,2020-08-01,cdi
Bakool,Waajid,2.87,2020-08-01,cdi
Bakool,Rab Dhuure,2.76,2020-08-01,cdi
Lower Shabelle,Marka,2.39,2020-09-01,cdi
Lower Shabelle,Afgooye,2.07,2020-09-01,cdi
Lower Shabelle,Baraawe,2.44,2020-09-01,cdi
Lower Shabelle,Kurtunwaarey,2.01,2020-09-01,cdi
Lower Shabelle,Qoryooley,2.03,2020-09-01,cdi
Lower Shabelle,Sablaale,1.83,2020-09-01,cdi
Lower Shabelle,Wanla Weyn,1.59,2020-09-01,cdi
Bay,Baydhaba,1.89,2020-09-01,cdi
Bay,Buur Hakaba,1.88,2020-09-01,cdi
Bay,Diinsoor,1.22,2020-09-01,cdi
Bay,Qansax Dheere,1.49,2020-09-01,cdi
Bakool,Xudur,2.07,2020-09-01,cdi
Bakool,Ceel Barde,2.36,2020-09-01,cdi
Bakool,Tayeeglow,2.12,2020-09-01,cdi
Bakool,Waajid,2.06,2020-09-01,cdi
Bakool,Rab Dhuure,2.26,2020-09-01,cdi
Lower Shabelle,Marka,2.12,2020-10-01,cdi
Lower Shabelle,Afgooye,2.13,2020-10-01,cdi
Lower Shabelle,Baraawe,2.6,2020-10-01,cdi
Lower Shabelle,Kurtunwaarey,2.23,2020-10-01,cdi
Lower Shabelle,Qoryooley,2.06,2020-10-01,cdi
Lower Shabelle,Sablaale,2.14,2020-10-01,cdi
Lower Shabelle,Wanla Weyn,1.69,2020-10-01,cdi
Bay,Baydhaba,1.82,2020-10-01,cdi
Bay,Buur Hakaba,1.75,2020-10-01,cdi
Bay,Diinsoor,0.9,2020-10-01,cdi
Bay,Qansax Dheere,1.0,2020-10-01,cdi
Bakool,Xudur,1.92,2020-10-01,cdi
Bakool,Ceel Barde,2.01,2020-10-01,cdi
Bakool,Tayeeglow,2.16,2020-10-01,cdi
Bakool,Waajid,1.7,2020-10-01,cdi
Bakool,Rab Dhuure,1.23,2020-10-01,cdi
Lower Shabelle,Marka,2.12,2020-11-01,cdi
Lower Shabelle,Afgooye,2.09,2020-11-01,cdi
Lower Shabelle,Baraawe,2.48,2020-11-01,cdi
Lower Shabelle,Kurtunwaarey,2.19,2020-11-01,cdi
Lower Shabelle,Qoryooley,2.03,2020-11-01,cdi
Lower Shabelle,Sablaale,2.11,2020-11-01,cdi
Lower Shabelle,Wanla Weyn,1.55,2020-11-01,cdi
Bay,Baydhaba,1.7,2020-11-01,cdi
Bay,Buur Hakaba,1.72,2020-11-01,cdi
Bay,Diinsoor,1.2,2020-11-01,cdi
Bay,Qansax Dheere,1.03,2020-11-01,cdi
Bakool,Xudur,1.93,2020-11-01,cdi
Bakool,Ceel Barde,1.93,2020-11-01,cdi
Bakool,Tayeeglow,2.02,2020-11-01,cdi
Bakool,Waajid,1.59,2020-11-01,cdi
Bakool,Rab Dhuure,1.07,2020-11-01,cdi
Lower Shabelle,Marka,2.37,2020-12-01,cdi
Lower Shabelle,Afgooye,2.28,2020-12-01,cdi
Lower Shabelle,Baraawe,1.64,2020-12-01,cdi
Lower Shabelle,Kurtunwaarey,1.96,2020-12-01,cdi
Lower Shabelle,Qoryooley,1.91,2020-12-01,cdi
Lower Shabelle,Sablaale,1.75,2020-12-01,cdi
Lower Shabelle,Wanla Weyn,1.55,2020-12-01,cdi
Bay,Baydhaba,1.38,2020-12-01,cdi
Bay,Buur Hakaba,1.7,2020-12-01,cdi
Bay,Diinsoor,1.31,2020-12-01,cdi
Bay,Qansax Dheere,1.24,2020-12-01,cdi
Bakool,Xudur,1.64,2020-12-01,cdi
Bakool,Ceel Barde,1.59,2020-12-01,cdi
Bakool,Tayeeglow,1.65,2020-12-01,cdi
Bakool,Waajid,1.3,2020-12-01,cdi
Bakool,Rab Dhuure,0.83,2020-12-01,cdi
Lower Shabelle,Marka,1.45,2021-01-01,cdi
Lower Shabelle,Afgooye,1.84,2021-01-01,cdi
Lower Shabelle,Baraawe,1.07,2021-01-01,cdi
Lower Shabelle,Kurtunwaarey,1.39,2021-01-01,cdi
Lower Shabelle,Qoryooley,1.36,2021-01-01,cdi
Lower Shabelle,Sablaale,1.41,2021-01-01,cdi
Lower Shabelle,Wanla Weyn,1.35,2021-01-01,cdi
Bay,Baydhaba,1.22,2021-01-01,cdi
Bay,Buur Hakaba,1.41,2021-01-01,cdi
Bay,Diinsoor,1.11,2021-01-01,cdi
Bay,Qansax Dheere,1.31,2021-01-01,cdi
Bakool,Xudur,1.55,2021-01-01,cdi
Bakool,Ceel Barde,1.52,2021-01-01,cdi
Bakool,Tayeeglow,1.38,2021-01-01,cdi
Bakool,Waajid,1.29,2021-01-01,cdi
Bakool,Rab Dhuure,0.9,2021-01-01,cdi
Lower Shabelle,Marka,1.53,2021-02-01,cdi
Lower Shabelle,Afgooye,1.79,2021-02-01,cdi
Lower Shabelle,Baraawe,1.24,2021-02-01,cdi
Lower Shabelle,Kurtunwaarey,1.53,2021-02-01,cdi
Lower Shabelle,Qoryooley,1.45,2021-02-01,cdi
Lower Shabelle,Sablaale,1.52,2021-02-01,cdi
Lower Shabelle,Wanla Weyn,1.49,2021-02-01,cdi
Bay,Baydhaba,1.37,2021-02-01,cdi
Bay,Buur Hakaba,1.47,2021-02-01,cdi
Bay,Diinsoor,1.2,2021-02-01,cdi
Bay,Qansax Dheere,1.22,2021-02-01,cdi
Bakool,Xudur,1.7,2021-02-01,cdi
Bakool,Ceel Barde,1.68,2021-02-01,cdi
Bakool,Tayeeglow,1.52,2021-02-01,cdi
Bakool,Waajid,1.62,2021-02-01,cdi
Bakool,Rab Dhuure,1.28,2021-02-01,cdi
Lower Shabelle,Marka,1.39,2021-03-01,cdi
Lower Shabelle,Afgooye,1.54,2021-03-01,cdi
Lower Shabelle,Baraawe,1.12,2021-03-01,cdi
Lower Shabelle,Kurtunwaarey,1.36,2021-03-01,cdi
Lower Shabelle,Qoryooley,1.27,2021-03-01,cdi
Lower Shabelle,Sablaale,1.37,2021-03-01,cdi
Lower Shabelle,Wanla Weyn,1.33,2021-03-01,cdi
Bay,Baydhaba,1.27,2021-03-01,cdi
Bay,Buur Hakaba,1.3,2021-03-01,cdi
Bay,Diinsoor,1.13,2021-03-01,cdi
Bay,Qansax Dheere,1.15,2021-03-01,cdi
Bakool,Xudur,1.76,2021-03-01,cdi
Bakool,Ceel Barde,1.77,2021-03-01,cdi
Bakool,Tayeeglow,1.44,2021-03-01,cdi
Bakool,Waajid,1.71,2021-03-01,cdi
Bakool,Rab Dhuure,1.31,2021-03-01,cdi
Lower Shabelle,Marka,0.87,2021-04-01,cdi
Lower Shabelle,Afgooye,0.87,2021-04-01,cdi
Lower Shabelle,Baraawe,0.71,2021-04-01,cdi
Lower Shabelle,Kurtunwaarey,0.81,2021-04-01,cdi
Lower Shabelle,Qoryooley,0.71,2021-04-01,cdi
Lower Shabelle,Sablaale,0.84,2021-04-01,cdi
Lower Shabelle,Wanla Weyn,0.64,2021-04-01,cdi
Bay,Baydhaba,0.8,2021-04-01,cdi
Bay,Buur Hakaba,0.78,2021-04-01,cdi
Bay,Diinsoor,0.79,2021-04-01,cdi
Bay,Qansax Dheere,0.84,2021-04-01,cdi
Bakool,Xudur,1.26,2021-04-01,cdi
Bakool,Ceel Barde,1.28,2021-04-01,cdi
Bakool,Tayeeglow,0.78,2021-04-01,cdi
Bakool,Waajid,1.35,2021-04-01,cdi
Bakool,Rab Dhuure,1.55,2021-04-01,cdi
Lower Shabelle,Marka,0.7,2021-05-01,cdi
Lower Shabelle,Afgooye,0.77,2021-05-01,cdi
Lower Shabelle,Baraawe,0.57,2021-05-01,cdi
Lower Shabelle,Kurtunwaarey,0.58,2021-05-01,cdi
Lower Shabelle,Qoryooley,0.53,2021-05-01,cdi
Lower Shabelle,Sablaale,0.67,2021-05-01,cdi
Lower Shabelle,Wanla Weyn,0.47,2021-05-01,cdi
Bay,Baydhaba,0.93,2021-05-01,cdi
Bay,Buur Hakaba,0.6,2021-05-01,cdi
Bay,Diinsoor,0.83,2021-05-01,cdi
Bay,Qansax Dheere,0.97,2021-05-01,cdi
Bakool,Xudur,1.57,2021-05-01,cdi
Bakool,Ceel Barde,1.58,2021-05-01,cdi
Bakool,Tayeeglow,1.01,2021-05-01,cdi
Bakool,Waajid,1.31,2021-05-01,cdi
Bakool,Rab Dhuure,1.99,2021-05-01,cdi
Lower Shabelle,Marka,0.72,2021-06-01,cdi
Lower Shabelle,Afgooye,0.75,2021-06-01,cdi
Lower Shabelle,Baraawe,0.73,2021-06-01,cdi
Lower Shabelle,Kurtunwaarey,0.55,2021-06-01,cdi
Lower Shabelle,Qoryooley,0.49,2021-06-01,cdi
Lower Shabelle,Sablaale,0.82,2021-06-01,cdi
Lower Shabelle,Wanla Weyn,0.4,2021-06-01,cdi
Bay,Baydhaba,1.06,2021-06-01,cdi
Bay,Buur Hakaba,0.55,2021-06-01,cdi
Bay,Diinsoor,0.9,2021-06-01,cdi
Bay,Qansax Dheere,1.09,2021-06-01,cdi
Bakool,Xudur,1.5,2021-06-01,cdi
Bakool,Ceel Barde,1.76,2021-06-01,cdi
Bakool,Tayeeglow,1.12,2021-06-01,cdi
Bakool,Waajid,1.48,2021-06-01,cdi
Bakool,Rab Dhuure,2.27,2021-06-01,cdi
Lower Shabelle,Marka,0.81,2021-07-01,cdi
Lower Shabelle,Afgooye,0.83,2021-07-01,cdi
Lower Shabelle,Baraawe,0.92,2021-07-01,cdi
Lower Shabelle,Kurtunwaarey,0.75,2021-07-01,cdi
Lower Shabelle,Qoryooley,0.68,2021-07-01,cdi
Lower Shabelle,Sablaale,0.97,2021-07-01,cdi
Lower Shabelle,Wanla Weyn,0.6,2021-07-01,cdi
Bay,Baydhaba,1.26,2021-07-01,cdi
Bay,Buur Hakaba,0.74,2021-07-01,cdi
Bay,Diinsoor,0.95,2021-07-01,cdi
Bay,Qansax Dheere,1.16,2021-07-01,cdi
Bakool,Xudur,1.54,2021-07-01,cdi
Bakool,Ceel Barde,1.84,2021-07-01,cdi
Bakool,Tayeeglow,1.4,2021-07-01,cdi
Bakool,Waajid,1.58,2021-07-01,cdi
Bakool,Rab Dhuure,2.73,2021-07-01,cdi
Lower Shabelle,Marka,0.9,2021-08-01,cdi
Lower Shabelle,Afgooye,0.86,2021-08-01,cdi
Lower Shabelle,Baraawe,1.04,2021-08-01,cdi
Lower Shabelle,Kurtunwaarey,0.93,2021-08-01,cdi
Lower Shabelle,Qoryooley,0.83,2021-08-01,cdi
Lower Shabelle,Sablaale,0.95,2021-08-01,cdi
Lower Shabelle,Wanla Weyn,0.72,2021-08-01,cdi
Bay,Baydhaba,1.19,2021-08-01,cdi
Bay,Buur Hakaba,0.91,2021-08-01,cdi
Bay,Diinsoor,1.04,2021-08-01,cdi
Bay,Qansax Dheere,1.17,2021-08-01,cdi
Bakool,Xudur,1.47,2021-08-01,cdi
Bakool,Ceel Barde,1.59,2021-08-01,cdi
Bakool,Tayeeglow,1.25,2021-08-01,cdi
Bakool,Waajid,1.39,2021-08-01,cdi
Bakool,Rab Dhuure,2.3,2021-08-01,cdi
Lower Shabelle,Marka,1.05,2021-09-01,cdi
Lower Shabelle,Afgooye,0.89,2021-09-01,cdi
Lower Shabelle,Baraawe,1.1,2021-09-01,cdi
Lower Shabelle,Kurtunwaarey,1.05,2021-09-01,cdi
Lower Shabelle,Qoryooley,0.87,2021-09-01,cdi
Lower Shabelle,Sablaale,0.97,2021-09-01,cdi
Lower Shabelle,Wanla Weyn,0.69,2021-09-01,cdi
Bay,Baydhaba,1.05,2021-09-01,cdi
Bay,Buur Hakaba,0.8,2021-09-01,cdi
Bay,Diinsoor,1.1,2021-09-01,cdi
Bay,Qansax Dheere,1.01,2021-09-01,cdi
Bakool,Xudur,1.22,2021-09-01,cdi
Bakool,Ceel Barde,1.29,2021-09-01,cdi
Bakool,Tayeeglow,1.02,2021-09-01,cdi
Bakool,Waajid,1.13,2021-09-01,cdi
Bakool,Rab Dhuure,1.74,2021-09-01,cdi
Lower Shabelle,Marka,1.04,2021-10-01,cdi
Lower Shabelle,Afgooye,0.84,2021-10-01,cdi
Lower Shabelle,Baraawe,1.02,2021-10-01,cdi
Lower Shabelle,Kurtunwaarey,0.78,2021-10-01,cdi
Lower Shabelle,Qoryooley,0.86,2021-10-01,cdi
Lower Shabelle,Sablaale,0.84,2021-10-01,cdi
Lower Shabelle,Wanla Weyn,0.52,2021-10-01,cdi
Bay,Baydhaba,0.63,2021-10-01,cdi
Bay,Buur Hakaba,0.52,2021-10-01,cdi
Bay,Diinsoor,0.84,2021-10-01,cdi
Bay,Qansax Dheere,0.6,2021-10-01,cdi
Bakool,Xudur,0.68,2021-10-01,cdi
Bakool,Ceel Barde,0.72,2021-10-01,cdi
Bakool,Tayeeglow,0.67,2021-10-01,cdi
Bakool,Waajid,0.58,2021-10-01,cdi
Bakool,Rab Dhuure,0.8,2021-10-01,cdi
Lower Shabelle,Marka,0.73,2021-11-01,cdi
Lower Shabelle,Afgooye,0.52,2021-11-01,cdi
Lower Shabelle,Baraawe,0.7,2021-11-01,cdi
Lower Shabelle,Kurtunwaarey,0.52,2021-11-01,cdi
Lower Shabelle,Qoryooley,0.55,2021-11-01,cdi
Lower Shabelle,Sablaale,0.58,2021-11-01,cdi
Lower Shabelle,Wanla Weyn,0.4,2021-11-01,cdi
Bay,Baydhaba,0.44,2021-11-01,cdi
Bay,Buur Hakaba,0.39,2021-11-01,cdi
Bay,Diinsoor,0.56,2021-11-01,cdi
Bay,Qansax Dheere,0.4,2021-11-01,cdi
Bakool,Xudur,0.45,2021-11-01,cdi
Bakool,Ceel Barde,0.4,2021-11-01,cdi
Bakool,Tayeeglow,0.43,2021-11-01,cdi
Bakool,Waajid,0.43,2021-11-01,cdi
Bakool,Rab Dhuure,0.79,2021-11-01,cdi
Lower Shabelle,Marka,0.62,2021-12-01,cdi
Lower Shabelle,Afgooye,0.38,2021-12-01,cdi
Lower Shabelle,Baraawe,0.44,2021-12-01,cdi
Lower Shabelle,Kurtunwaarey,0.33,2021-12-01,cdi
Lower Shabelle,Qoryooley,0.37,2021-12-01,cdi
Lower Shabelle,Sablaale,0.37,2021-12-01,cdi
Lower Shabelle,Wanla Weyn,0.34,2021-12-01,cdi
Bay,Baydhaba,0.36,2021-12-01,cdi
Bay,Buur Hakaba,0.31,2021-12-01,cdi
Bay,Diinsoor,0.36,2021-12-01,cdi
Bay,Qansax Dheere,0.32,2021-12-01,cdi
Bakool,Xudur,0.39,2021-12-01,cdi
Bakool,Ceel Barde,0.33,2021-12-01,cdi
Bakool,Tayeeglow,0.36,2021-12-01,cdi
Bakool,Waajid,0.35,2021-12-01,cdi
Bakool,Rab Dhuure,0.83,2021-12-01,cdi
Lower Shabelle,Marka,0.49,2022-02-01,cdi
Lower Shabelle,Afgooye,0.36,2022-02-01,cdi
Lower Shabelle,Baraawe,0.4,2022-02-01,cdi
Lower Shabelle,Kurtunwaarey,0.27,2022-02-01,cdi
Lower Shabelle,Qoryooley,0.39,2022-02-01,cdi
Lower Shabelle,Sablaale,0.32,2022-02-01,cdi
Lower Shabelle,Wanla Weyn,0.35,2022-02-01,cdi
Bay,Baydhaba,0.38,2022-02-01,cdi
Bay,Buur Hakaba,0.32,2022-02-01,cdi
Bay,Diinsoor,0.35,2022-02-01,cdi
Bay,Qansax Dheere,0.36,2022-02-01,cdi
Bakool,Xudur,0.38,2022-02-01,cdi
Bakool,Ceel Barde,0.37,2022-02-01,cdi
Bakool,Tayeeglow,0.35,2022-02-01,cdi
Bakool,Waajid,0.39,2022-02-01,cdi
Bakool,Rab Dhuure,0.54,2022-02-01,cdi
Lower Shabelle,Marka,0.44,2022-03-01,cdi
Lower Shabelle,Afgooye,0.36,2022-03-01,cdi
Lower Shabelle,Baraawe,0.38,2022-03-01,cdi
Lower Shabelle,Kurtunwaarey,0.23,2022-03-01,cdi
Lower Shabelle,Qoryooley,0.39,2022-03-01,cdi
Lower Shabelle,Sablaale,0.29,2022-03-01,cdi
Lower Shabelle,Wanla Weyn,0.36,2022-03-01,cdi
Bay,Baydhaba,0.41,2022-03-01,cdi
Bay,Buur Hakaba,0.34,2022-03-01,cdi
Bay,Diinsoor,0.32,2022-03-01,cdi
Bay,Qansax Dheere,0.38,2022-03-01,cdi
Bakool,Xudur,0.41,2022-03-01,cdi
Bakool,Ceel Barde,0.39,2022-03-01,cdi
Bakool,Tayeeglow,0.4,2022-03-01,cdi
Bakool,Waajid,0.41,2022-03-01,cdi
Bakool,Rab Dhuure,0.6,2022-03-01,cdi
Lower Shabelle,Marka,0.51,2022-04-01,cdi
Lower Shabelle,Afgooye,0.42,2022-04-01,cdi
Lower Shabelle,Baraawe,0.47,2022-04-01,cdi
Lower Shabelle,Kurtunwaarey,0.35,2022-04-01,cdi
Lower Shabelle,Qoryooley,0.4,2022-04-01,cdi
Lower Shabelle,Sablaale,0.36,2022-04-01,cdi
Lower Shabelle,Wanla Weyn,0.48,2022-04-01,cdi
Bay,Baydhaba,0.42,2022-04-01,cdi
Bay,Buur Hakaba,0.42,2022-04-01,cdi
Bay,Diinsoor,0.43,2022-04-01,cdi
Bay,Qansax Dheere,0.39,2022-04-01,cdi
Bakool,Xudur,0.5,2022-04-01,cdi
Bakool,Ceel Barde,0.56,2022-04-01,cdi
Bakool,Tayeeglow,0.51,2022-04-01,cdi
Bakool,Waajid,0.49,2022-04-01,cdi
Bakool,Rab Dhuure,0.81,2022-04-01,cdi
Lower Shabelle,Marka,0.63,2022-05-01,cdi
Lower Shabelle,Afgooye,0.54,2022-05-01,cdi
Lower Shabelle,Baraawe,0.64,2022-05-01,cdi
Lower Shabelle,Kurtunwaarey,0.52,2022-05-01,cdi
Lower Shabelle,Qoryooley,0.52,2022-05-01,cdi
Lower Shabelle,Sablaale,0.69,2022-05-01,cdi
Lower Shabelle,Wanla Weyn,0.59,2022-05-01,cdi
Bay,Baydhaba,0.65,2022-05-01,cdi
Bay,Buur Hakaba,0.63,2022-05-01,cdi
Bay,Diinsoor,0.67,2022-05-01,cdi
Bay,Qansax Dheere,0.59,2022-05-01,cdi
Bakool,Xudur,0.81,2022-05-01,cdi
Bakool,Ceel Barde,0.66,2022-05-01,cdi
Bakool,Tayeeglow,0.72,2022-05-01,cdi
Bakool,Waajid,0.81,2022-05-01,cdi
Bakool,Rab Dhuure,0.98,2022-05-01,cdi
Lower Shabelle,Marka,0.55,2022-06-01,cdi
Lower Shabelle,Afgooye,0.57,2022-06-01,cdi
Lower Shabelle,Baraawe,0.59,2022-06-01,cdi
Lower Shabelle,Kurtunwaarey,0.69,2022-06-01,cdi
Lower Shabelle,Qoryooley,0.53,2022-06-01,cdi
Lower Shabelle,Sablaale,0.84,2022-06-01,cdi
Lower Shabelle,Wanla Weyn,0.55,2022-06-01,cdi
Bay,Baydhaba,0.74,2022-06-01,cdi
Bay,Buur Hakaba,0.78,2022-06-01,cdi
Bay,Diinsoor,0.8,2022-06-01,cdi
Bay,Qansax Dheere,0.73,2022-06-01,cdi
Bakool,Xudur,0.89,2022-06-01,cdi
Bakool,Ceel Barde,0.74,2022-06-01,cdi
Bakool,Tayeeglow,0.8,2022-06-01,cdi
Bakool,Waajid,0.98,2022-06-01,cdi
Bakool,Rab Dhuure,1.09,2022-06-01,cdi
Lower Shabelle,Marka,0.78,2022-07-01,cdi
Lower Shabelle,Afgooye,0.78,2022-07-01,cdi
Lower Shabelle,Baraawe,0.87,2022-07-01,cdi
Lower Shabelle,Kurtunwaarey,0.92,2022-07-01,cdi
Lower Shabelle,Qoryooley,0.73,2022-07-01,cdi
Lower Shabelle,Sablaale,1.09,2022-07-01,cdi
Lower Shabelle,Wanla Weyn,0.72,2022-07-01,cdi
Bay,Baydhaba,0.83,2022-07-01,cdi
Bay,Buur Hakaba,0.87,2022-07-01,cdi
Bay,Diinsoor,0.96,2022-07-01,cdi
Bay,Qansax Dheere,0.81,2022-07-01,cdi
Bakool,Xudur,0.97,2022-07-01,cdi
Bakool,Ceel Barde,0.94,2022-07-01,cdi
Bakool,Tayeeglow,1.06,2022-07-01,cdi
Bakool,Waajid,1.2,2022-07-01,cdi
Bakool,Rab Dhuure,1.13,2022-07-01,cdi
Lower Shabelle,Marka,0.94,2022-08-01,cdi
Lower Shabelle,Afgooye,0.88,2022-08-01,cdi
Lower Shabelle,Baraawe,1.0,2022-08-01,cdi
Lower Shabelle,Kurtunwaarey,0.94,2022-08-01,cdi
Lower Shabelle,Qoryooley,0.85,2022-08-01,cdi
Lower Shabelle,Sablaale,1.02,2022-08-01,cdi
Lower Shabelle,Wanla Weyn,0.81,2022-08-01,cdi
Bay,Baydhaba,0.87,2022-08-01,cdi
Bay,Buur Hakaba,0.89,2022-08-01,cdi
Bay,Diinsoor,0.93,2022-08-01,cdi
Bay,Qansax Dheere,0.82,2022-08-01,cdi
Bakool,Xudur,0.93,2022-08-01,cdi
Bakool,Ceel Barde,0.96,2022-08-01,cdi
Bakool,Tayeeglow,1.0,2022-08-01,cdi
Bakool,Waajid,1.06,2022-08-01,cdi
Bakool,Rab Dhuure,0.95,2022-08-01,cdi
Lower Shabelle,Marka,0.96,2022-09-01,cdi
Lower Shabelle,Afgooye,0.79,2022-09-01,cdi
Lower Shabelle,Baraawe,1.1,2022-09-01,cdi
Lower Shabelle,Kurtunwaarey,0.95,2022-09-01,cdi
Lower Shabelle,Qoryooley,0.88,2022-09-01,cdi
Lower Shabelle,Sablaale,1.09,2022-09-01,cdi
Lower Shabelle,Wanla Weyn,0.77,2022-09-01,cdi
Bay,Baydhaba,0.81,2022-09-01,cdi
Bay,Buur Hakaba,0.85,2022-09-01,cdi
Bay,Diinsoor,1.03,2022-09-01,cdi
Bay,Qansax Dheere,0.75,2022-09-01,cdi
Bakool,Xudur,0.89,2022-09-01,cdi
Bakool,Ceel Barde,0.89,2022-09-01,cdi
Bakool,Tayeeglow,0.92,2022-09-01,cdi
Bakool,Waajid,0.84,2022-09-01,cdi
Bakool,Rab Dhuure,0.8,2022-09-01,cdi
Lower Shabelle,Marka,0.93,2022-10-01,cdi
Lower Shabelle,Afgooye,0.53,2022-10-01,cdi
Lower Shabelle,Baraawe,0.96,2022-10-01,cdi
Lower Shabelle,Kurtunwaarey,0.97,2022-10-01,cdi
Lower Shabelle,Qoryooley,0.81,2022-10-01,cdi
Lower Shabelle,Sablaale,1.13,2022-10-01,cdi
Lower Shabelle,Wanla Weyn,0.56,2022-10-01,cdi
Bay,Baydhaba,0.68,2022-10-01,cdi
Bay,Buur Hakaba,0.63,2022-10-01,cdi
Bay,Diinsoor,0.9,2022-10-01,cdi
Bay,Qansax Dheere,0.66,2022-10-01,cdi
Bakool,Xudur,0.95,2022-10-01,cdi
Bakool,Ceel Barde,0.69,2022-10-01,cdi
Bakool,Tayeeglow,0.7,2022-10-01,cdi
Bakool,Waajid,0.69,2022-10-01,cdi
Bakool,Rab Dhuure,0.72,2022-10-01,cdi
Lower Shabelle,Marka,1.003,2022-11-01,cdi
Lower Shabelle,Afgooye,0.853,2022-11-01,cdi
Lower Shabelle,Baraawe,0.918,2022-11-01,cdi
Lower Shabelle,Kurtunwaarey,0.883,2022-11-01,cdi
Lower Shabelle,Qoryooley,0.879,2022-11-01,cdi
Lower Shabelle,Sablaale,0.767,2022-11-01,cdi
Lower Shabelle,Wanla Weyn,0.772,2022-11-01,cdi
Bay,Baydhaba,0.767,2022-11-01,cdi
Bay,Buur Hakaba,0.8,2022-11-01,cdi
Bay,Diinsoor,0.816,2022-11-01,cdi
Bay,Qansax Dheere,0.78,2022-11-01,cdi
Bakool,Xudur,0.767,2022-11-01,cdi
Bakool,Ceel Barde,0.619,2022-11-01,cdi
Bakool,Tayeeglow,0.819,2022-11-01,cdi
Bakool,Waajid,0.789,2022-11-01,cdi
Bakool,Rab Dhuure,0.68,2022-11-01,cdi
Lower Shabelle,Marka,1.086,2022-12-01,cdi
Lower Shabelle,Afgooye,0.918,2022-12-01,cdi
Lower Shabelle,Baraawe,0.774,2022-12-01,cdi
Lower Shabelle,Kurtunwaarey,0.91,2022-12-01,cdi
Lower Shabelle,Qoryooley,0.95,2022-12-01,cdi
Lower Shabelle,Sablaale,0.721,2022-12-01,cdi
Lower Shabelle,Wanla Weyn,0.782,2022-12-01,cdi
Bay,Baydhaba,0.795,2022-12-01,cdi
Bay,Buur Hakaba,0.788,2022-12-01,cdi
Bay,Diinsoor,0.733,2022-12-01,cdi
Bay,Qansax Dheere,0.676,2022-12-01,cdi
Bakool,Xudur,0.734,2022-12-01,cdi
Bakool,Ceel Barde,0.614,2022-12-01,cdi
Bakool,Tayeeglow,0.791,2022-12-01,cdi
Bakool,Waajid,0.763,2022-12-01,cdi
Bakool,Rab Dhuure,0.588,2022-12-01,cdi
Lower Shabelle,Marka,1.045,2023-01-01,cdi
Lower Shabelle,Afgooye,0.747,2023-01-01,cdi
Lower Shabelle,Baraawe,0.793,2023-01-01,cdi
Lower Shabelle,Kurtunwaarey,0.81,2023-01-01,cdi
Lower Shabelle,Qoryooley,0.827,2023-01-01,cdi
Lower Shabelle,Sablaale,0.717,2023-01-01,cdi
Lower Shabelle,Wanla Weyn,0.685,2023-01-01,cdi
Bay,Baydhaba,0.787,2023-01-01,cdi
Bay,Buur Hakaba,0.705,2023-01-01,cdi
Bay,Diinsoor,0.687,2023-01-01,cdi
Bay,Qansax Dheere,0.639,2023-01-01,cdi
Bakool,Xudur,0.799,2023-01-01,cdi
Bakool,Ceel Barde,0.691,2023-01-01,cdi
Bakool,Tayeeglow,0.79,2023-01-01,cdi
Bakool,Waajid,0.797,2023-01-01,cdi
Bakool,Rab Dhuure,0.693,2023-01-01,cdi
Lower Shabelle,Marka,0.919,2023-03-01,cdi
Lower Shabelle,Afgooye,0.782,2023-03-01,cdi
Lower Shabelle,Baraawe,0.825,2023-03-01,cdi
Lower Shabelle,Kurtunwaarey,0.821,2023-03-01,cdi
Lower Shabelle,Qoryooley,0.797,2023-03-01,cdi
Lower Shabelle,Sablaale,0.826,2023-03-01,cdi
Lower Shabelle,Wanla Weyn,0.672,2023-03-01,cdi
Bay,Baydhaba,0.785,2023-03-01,cdi
Bay,Buur Hakaba,0.673,2023-03-01,cdi
Bay,Diinsoor,0.78,2023-03-01,cdi
Bay,Qansax Dheere,0.77,2023-03-01,cdi
Bakool,Xudur,0.905,2023-03-01,cdi
Bakool,Ceel Barde,0.853,2023-03-01,cdi
Bakool,Tayeeglow,0.846,2023-03-01,cdi
Bakool,Waajid,0.896,2023-03-01,cdi
Bakool,Rab Dhuure,0.846,2023-03-01,cdi
Lower Shabelle,Marka,1.605,2023-04-01,cdi
Lower Shabelle,Afgooye,1.502,2023-04-01,cdi
Lower Shabelle,Baraawe,1.628,2023-04-01,cdi
Lower Shabelle,Kurtunwaarey,1.477,2023-04-01,cdi
Lower Shabelle,Qoryooley,1.401,2023-04-01,cdi
Lower Shabelle,Sablaale,1.525,2023-04-01,cdi
Lower Shabelle,Wanla Weyn,1.286,2023-04-01,cdi
Bay,Baydhaba,1.357,2023-04-01,cdi
Bay,Buur Hakaba,1.314,2023-04-01,cdi
Bay,Diinsoor,1.389,2023-04-01,cdi
Bay,Qansax Dheere,1.402,2023-04-01,cdi
Bakool,Xudur,1.473,2023-04-01,cdi
Bakool,Ceel Barde,1.344,2023-04-01,cdi
Bakool,Tayeeglow,1.501,2023-04-01,cdi
Bakool,Waajid,1.45,2023-04-01,cdi
Bakool,Rab Dhuure,2.38,2023-04-01,cdi
Lower Shabelle,Marka,1.502,2023-05-01,cdi
Lower Shabelle,Afgooye,1.43,2023-05-01,cdi
Lower Shabelle,Baraawe,1.507,2023-05-01,cdi
Lower Shabelle,Kurtunwaarey,1.411,2023-05-01,cdi
Lower Shabelle,Qoryooley,1.335,2023-05-01,cdi
Lower Shabelle,Sablaale,1.451,2023-05-01,cdi
Lower Shabelle,Wanla Weyn,1.257,2023-05-01,cdi
Bay,Baydhaba,1.198,2023-05-01,cdi
Bay,Buur Hakaba,1.216,2023-05-01,cdi
Bay,Diinsoor,1.391,2023-05-01,cdi
Bay,Qansax Dheere,1.407,2023-05-01,cdi
Bakool,Xudur,1.197,2023-05-01,cdi
Bakool,Ceel Barde,1.136,2023-05-01,cdi
Bakool,Tayeeglow,1.288,2023-05-01,cdi
Bakool,Waajid,1.181,2023-05-01,cdi
Bakool,Rab Dhuure,1.748,2023-05-01,cdi
Lower Shabelle,Marka,1.2,2023-06-01,cdi
Lower Shabelle,Afgooye,1.231,2023-06-01,cdi
Lower Shabelle,Baraawe,1.185,2023-06-01,cdi
Lower Shabelle,Kurtunwaarey,1.162,2023-06-01,cdi
Lower Shabelle,Qoryooley,1.103,2023-06-01,cdi
Lower Shabelle,Sablaale,1.215,2023-06-01,cdi
Lower Shabelle,Wanla Weyn,1.203,2023-06-01,cdi
Bay,Baydhaba,1.135,2023-06-01,cdi
Bay,Buur Hakaba,1.14,2023-06-01,cdi
Bay,Diinsoor,1.328,2023-06-01,cdi
Bay,Qansax Dheere,1.384,2023-06-01,cdi
Bakool,Xudur,1.134,2023-06-01,cdi
Bakool,Ceel Barde,1.097,2023-06-01,cdi
Bakool,Tayeeglow,1.315,2023-06-01,cdi
Bakool,Waajid,1.064,2023-06-01,cdi
Bakool,Rab Dhuure,1.167,2023-06-01,cdi
Lower Shabelle,Marka,0.947,2023-07-01,cdi
Lower Shabelle,Afgooye,0.986,2023-07-01,cdi
Lower Shabelle,Baraawe,0.965,2023-07-01,cdi
Lower Shabelle,Kurtunwaarey,0.95,2023-07-01,cdi
Lower Shabelle,Qoryooley,0.897,2023-07-01,cdi
Lower Shabelle,Sablaale,1.015,2023-07-01,cdi
Lower Shabelle,Wanla Weyn,1.009,2023-07-01,cdi
Bay,Baydhaba,1.01,2023-07-01,cdi
Bay,Buur Hakaba,0.966,2023-07-01,cdi
Bay,Diinsoor,1.173,2023-07-01,cdi
Bay,Qansax Dheere,1.261,2023-07-01,cdi
Bakool,Xudur,1.114,2023-07-01,cdi
Bakool,Ceel Barde,1.099,2023-07-01,cdi
Bakool,Tayeeglow,1.193,2023-07-01,cdi
Bakool,Waajid,1.031,2023-07-01,cdi
Bakool,Rab Dhuure,1.125,2023-07-01,cdi
Lower Shabelle,Marka,0.809,2023-08-01,cdi
Lower Shabelle,Afgooye,0.85,2023-08-01,cdi
Lower Shabelle,Baraawe,0.792,2023-08-01,cdi
Lower Shabelle,Kurtunwaarey,0.803,2023-08-01,cdi
Lower Shabelle,Qoryooley,0.771,2023-08-01,cdi
Lower Shabelle,Sablaale,0.849,2023-08-01,cdi
Lower Shabelle,Wanla Weyn,0.89,2023-08-01,cdi
Bay,Baydhaba,0.879,2023-08-01,cdi
Bay,Buur Hakaba,0.838,2023-08-01,cdi
Bay,Diinsoor,1.019,2023-08-01,cdi
Bay,Qansax Dheere,1.082,2023-08-01,cdi
Bakool,Xudur,1.0,2023-08-01,cdi
Bakool,Ceel Barde,0.977,2023-08-01,cdi
Bakool,Tayeeglow,1.078,2023-08-01,cdi
Bakool,Waajid,0.858,2023-08-01,cdi
Bakool,Rab Dhuure,0.945,2023-08-01,cdi
Lower Shabelle,Marka,0.818,2023-09-01,cdi
Lower Shabelle,Afgooye,0.943,2023-09-01,cdi
Lower Shabelle,Baraawe,0.801,2023-09-01,cdi
Lower Shabelle,Kurtunwaarey,0.821,2023-09-01,cdi
Lower Shabelle,Qoryooley,0.728,2023-09-01,cdi
Lower Shabelle,Sablaale,0.919,2023-09-01,cdi
Lower Shabelle,Wanla Weyn,0.9,2023-09-01,cdi
Bay,Baydhaba,0.667,2023-09-01,cdi
Bay,Buur Hakaba,0.757,2023-09-01,cdi
Bay,Diinsoor,0.804,2023-09-01,cdi
Bay,Qansax Dheere,0.821,2023-09-01,cdi
Bakool,Xudur,0.744,2023-09-01,cdi
Bakool,Ceel Barde,0.671,2023-09-01,cdi
Bakool,Tayeeglow,0.912,2023-09-01,cdi
Bakool,Waajid,0.657,2023-09-01,cdi
Bakool,Rab Dhuure,0.594,2023-09-01,cdi
Lower Shabelle,Marka,0.784,2023-10-01,cdi
Lower Shabelle,Afgooye,0.793,2023-10-01,cdi
Lower Shabelle,Baraawe,0.559,2023-10-01,cdi
Lower Shabelle,Kurtunwaarey,0.758,2023-10-01,cdi
Lower Shabelle,Qoryooley,0.77,2023-10-01,cdi
Lower Shabelle,Sablaale,0.73,2023-10-01,cdi
Lower Shabelle,Wanla Weyn,1.0,2023-10-01,cdi
Bay,Baydhaba,1.022,2023-10-01,cdi
Bay,Buur Hakaba,0.908,2023-10-01,cdi
Bay,Diinsoor,0.948,2023-10-01,cdi
Bay,Qansax Dheere,1.108,2023-10-01,cdi
Bakool,Xudur,1.192,2023-10-01,cdi
Bakool,Ceel Barde,1.063,2023-10-01,cdi
Bakool,Tayeeglow,1.112,2023-10-01,cdi
Bakool,Waajid,1.056,2023-10-01,cdi
Bakool,Rab Dhuure,1.144,2023-10-01,cdi
Lower Shabelle,Marka,1.252,2023-11-01,cdi
Lower Shabelle,Afgooye,1.463,2023-11-01,cdi
Lower Shabelle,Baraawe,1.041,2023-11-01,cdi
Lower Shabelle,Kurtunwaarey,1.513,2023-11-01,cdi
Lower Shabelle,Qoryooley,1.395,2023-11-01,cdi
Lower Shabelle,Sablaale,1.3,2023-11-01,cdi
Lower Shabelle,Wanla Weyn,1.707,2023-11-01,cdi
Bay,Baydhaba,1.873,2023-11-01,cdi
Bay,Buur Hakaba,1.62,2023-11-01,cdi
Bay,Diinsoor,1.691,2023-11-01,cdi
Bay,Qansax Dheere,2.111,2023-11-01,cdi
Bakool,Xudur,1.98,2023-11-01,cdi
Bakool,Ceel Barde,1.583,2023-11-01,cdi
Bakool,Tayeeglow,1.725,2023-11-01,cdi
Bakool,Waajid,1.995,2023-11-01,cdi
Bakool,Rab Dhuure,2.047,2023-11-01,cdi
Lower Shabelle,Marka,1.814,2023-12-01,cdi
Lower Shabelle,Afgooye,2.03,2023-12-01,cdi
Lower Shabelle,Baraawe,1.644,2023-12-01,cdi
Lower Shabelle,Kurtunwaarey,2.139,2023-12-01,cdi
Lower Shabelle,Qoryooley,1.947,2023-12-01,cdi
Lower Shabelle,Sablaale,1.845,2023-12-01,cdi
Lower Shabelle,Wanla Weyn,2.276,2023-12-01,cdi
Bay,Baydhaba,2.563,2023-12-01,cdi
Bay,Buur Hakaba,2.245,2023-12-01,cdi
Bay,Diinsoor,2.416,2023-12-01,cdi
Bay,Qansax Dheere,2.807,2023-12-01,cdi
Bakool,Xudur,2.525,2023-12-01,cdi
Bakool,Ceel Barde,2.326,2023-12-01,cdi
Bakool,Tayeeglow,2.28,2023-12-01,cdi
Bakool,Waajid,2.743,2023-12-01,cdi
Bakool,Rab Dhuure,2.821,2023-12-01,cdi
Lower Shabelle,Marka,2.355,2024-01-01,cdi
Lower Shabelle,Afgooye,2.533,2024-01-01,cdi
Lower Shabelle,Baraawe,2.187,2024-01-01,cdi
Lower Shabelle,Kurtunwaarey,2.61,2024-01-01,cdi
Lower Shabelle,Qoryooley,2.447,2024-01-01,cdi
Lower Shabelle,Sablaale,2.267,2024-01-01,cdi
Lower Shabelle,Wanla Weyn,2.691,2024-01-01,cdi
Bay,Baydhaba,2.897,2024-01-01,cdi
Bay,Buur Hakaba,2.687,2024-01-01,cdi
Bay,Diinsoor,2.814,2024-01-01,cdi
Bay,Qansax Dheere,3.211,2024-01-01,cdi
Bakool,Xudur,2.845,2024-01-01,cdi
Bakool,Ceel Barde,2.795,2024-01-01,cdi
Bakool,Tayeeglow,2.702,2024-01-01,cdi
Bakool,Waajid,3.164,2024-01-01,cdi
Bakool,Rab Dhuure,3.34,2024-01-01,cdi
Lower Shabelle,Marka,3.011,2024-02-01,cdi
Lower Shabelle,Afgooye,2.556,2024-02-01,cdi
Lower Shabelle,Baraawe,2.662,2024-02-01,cdi
Lower Shabelle,Kurtunwaarey,2.804,2024-02-01,cdi
Lower Shabelle,Qoryooley,2.782,2024-02-01,cdi
Lower Shabelle,Sablaale,2.374,2024-02-01,cdi
Lower Shabelle,Wanla Weyn,2.544,2024-02-01,cdi
Bay,Baydhaba,2.974,2024-02-01,cdi
Bay,Buur Hakaba,2.697,2024-02-01,cdi
Bay,Diinsoor,2.802,2024-02-01,cdi
Bay,Qansax Dheere,3.357,2024-02-01,cdi
Bakool,Xudur,3.006,2024-02-01,cdi
Bakool,Ceel Barde,2.995,2024-02-01,cdi
Bakool,Tayeeglow,2.815,2024-02-01,cdi
Bakool,Waajid,3.341,2024-02-01,cdi
Bakool,Rab Dhuure,3.686,2024-02-01,cdi
Lower Shabelle,Marka,3.11,2024-03-01,cdi
Lower Shabelle,Afgooye,2.458,2024-03-01,cdi
Lower Shabelle,Baraawe,2.863,2024-03-01,cdi
Lower Shabelle,Kurtunwaarey,2.761,2024-03-01,cdi
Lower Shabelle,Qoryooley,2.776,2024-03-01,cdi
Lower Shabelle,Sablaale,2.442,2024-03-01,cdi
Lower Shabelle,Wanla Weyn,2.516,2024-03-01,cdi
Bay,Baydhaba,2.652,2024-03-01,cdi
Bay,Buur Hakaba,2.499,2024-03-01,cdi
Bay,Diinsoor,2.478,2024-03-01,cdi
Bay,Qansax Dheere,2.917,2024-03-01,cdi
Bakool,Xudur,2.834,2024-03-01,cdi
Bakool,Ceel Barde,2.675,2024-03-01,cdi
Bakool,Tayeeglow,2.631,2024-03-01,cdi
Bakool,Waajid,2.916,2024-03-01,cdi
Bakool,Rab Dhuure,4.053,2024-03-01,cdi
Lower Shabelle,Marka,2.497,2024-04-01,cdi
Lower Shabelle,Afgooye,2.07,2024-04-01,cdi
Lower Shabelle,Baraawe,2.331,2024-04-01,cdi
Lower Shabelle,Kurtunwaarey,1.997,2024-04-01,cdi
Lower Shabelle,Qoryooley,2.024,2024-04-01,cdi
Lower Shabelle,Sablaale,2.072,2024-04-01,cdi
Lower Shabelle,Wanla Weyn,1.979,2024-04-01,cdi
Bay,Baydhaba,2.174,2024-04-01,cdi
Bay,Buur Hakaba,1.995,2024-04-01,cdi
Bay,Diinsoor,2.131,2024-04-01,cdi
Bay,Qansax Dheere,2.317,2024-04-01,cdi
Bakool,Xudur,2.241,2024-04-01,cdi
Bakool,Ceel Barde,2.259,2024-04-01,cdi
Bakool,Tayeeglow,2.294,2024-04-01,cdi
Bakool,Waajid,2.131,2024-04-01,cdi
Bakool,Rab Dhuure,3.02,2024-04-01,cdi
Lower Shabelle,Marka,1.479,2024-05-01,cdi
Lower Shabelle,Afgooye,1.398,2024-05-01,cdi
Lower Shabelle,Baraawe,1.547,2024-05-01,cdi
Lower Shabelle,Kurtunwaarey,1.293,2024-05-01,cdi
Lower Shabelle,Qoryooley,1.381,2024-05-01,cdi
Lower Shabelle,Sablaale,1.419,2024-05-01,cdi
Lower Shabelle,Wanla Weyn,1.469,2024-05-01,cdi
Bay,Baydhaba,1.58,2024-05-01,cdi
Bay,Buur Hakaba,1.415,2024-05-01,cdi
Bay,Diinsoor,1.338,2024-05-01,cdi
Bay,Qansax Dheere,1.595,2024-05-01,cdi
Bakool,Xudur,1.82,2024-05-01,cdi
Bakool,Ceel Barde,1.637,2024-05-01,cdi
Bakool,Tayeeglow,1.742,2024-05-01,cdi
Bakool,Waajid,1.668,2024-05-01,cdi
Bakool,Rab Dhuure,2.571,2024-05-01,cdi
Lower Shabelle,Marka,1.373,2024-06-01,cdi
Lower Shabelle,Afgooye,1.259,2024-06-01,cdi
Lower Shabelle,Baraawe,1.401,2024-06-01,cdi
Lower Shabelle,Kurtunwaarey,1.197,2024-06-01,cdi
Lower Shabelle,Qoryooley,1.306,2024-06-01,cdi
Lower Shabelle,Sablaale,1.321,2024-06-01,cdi
Lower Shabelle,Wanla Weyn,1.329,2024-06-01,cdi
Bay,Baydhaba,1.512,2024-06-01,cdi
Bay,Buur Hakaba,1.309,2024-06-01,cdi
Bay,Diinsoor,1.293,2024-06-01,cdi
Bay,Qansax Dheere,1.501,2024-06-01,cdi
Bakool,Xudur,1.682,2024-06-01,cdi
Bakool,Ceel Barde,1.593,2024-06-01,cdi
Bakool,Tayeeglow,1.701,2024-06-01,cdi
Bakool,Waajid,1.582,2024-06-01,cdi
Bakool,Rab Dhuure,1.78,2024-06-01,cdi
Lower Shabelle,Marka,0.961,2024-07-01,cdi
Lower Shabelle,Afgooye,1.222,2024-07-01,cdi
Lower Shabelle,Baraawe,1.058,2024-07-01,cdi
Lower Shabelle,Kurtunwaarey,0.971,2024-07-01,cdi
Lower Shabelle,Qoryooley,1.114,2024-07-01,cdi
Lower Shabelle,Sablaale,1.041,2024-07-01,cdi
Lower Shabelle,Wanla Weyn,1.489,2024-07-01,cdi
Bay,Baydhaba,1.694,2024-07-01,cdi
Bay,Buur Hakaba,1.381,2024-07-01,cdi
Bay,Diinsoor,1.312,2024-07-01,cdi
Bay,Qansax Dheere,1.49,2024-07-01,cdi
Bakool,Xudur,2.022,2024-07-01,cdi
Bakool,Ceel Barde,2.063,2024-07-01,cdi
Bakool,Tayeeglow,1.984,2024-07-01,cdi
Bakool,Waajid,1.779,2024-07-01,cdi
Bakool,Rab Dhuure,1.918,2024-07-01,cdi
Lower Shabelle,Marka,0.961,2024-08-01,cdi
Lower Shabelle,Afgooye,1.222,2024-08-01,cdi
Lower Shabelle,Baraawe,1.058,2024-08-01,cdi
Lower Shabelle,Kurtunwaarey,0.971,2024-08-01,cdi
Lower Shabelle,Qoryooley,1.114,2024-08-01,cdi
Lower Shabelle,Sablaale,1.041,2024-08-01,cdi
Lower Shabelle,Wanla Weyn,1.489,2024-08-01,cdi
Bay,Baydhaba,1.694,2024-08-01,cdi
Bay,Buur Hakaba,1.381,2024-08-01,cdi
Bay,Diinsoor,1.312,2024-08-01,cdi
Bay,Qansax Dheere,1.49,2024-08-01,cdi
Bakool,Xudur,2.022,2024-08-01,cdi
Bakool,Ceel Barde,2.063,2024-08-01,cdi
Bakool,Tayeeglow,1.984,2024-08-01,cdi
Bakool,Waajid,1.779,2024-08-01,cdi
Bakool,Rab Dhuure,1.918,2024-08-01,cdi
